date,temperature,rainfall,humidity,wind_speed,year,month,season,frost_risk
2020-01-01,1.4,0.3,62.88,4.89,2020,1,Winter,0
2020-01-02,0.96,0.6,72.75,3.42,2020,1,Winter,0
2020-01-03,1.94,0.0,70.79,4.42,2020,1,Winter,0
2020-01-04,-0.94,0.1,83.29,3.47,2020,1,Winter,1
2020-01-05,-0.62,0.0,71.29,4.43,2020,1,Winter,1
2020-01-06,1.53,15.8,71.29,5.49,2020,1,Winter,0
2020-01-07,0.64,26.0,93.08,7.6,2020,1,Winter,0
2020-01-08,-1.31,21.5,94.62,6.56,2020,1,Winter,1
2020-01-09,-4.61,0.0,79.21,3.81,2020,1,Winter,1
2020-01-10,-5.04,0.0,57.0,5.88,2020,1,Winter,1
2020-01-11,0.34,0.0,40.21,4.92,2020,1,Winter,0
2020-01-12,6.12,1.0,56.42,6.74,2020,1,Winter,0
2020-01-13,4.6,20.0,71.67,8.75,2020,1,Winter,0
2020-01-14,2.86,0.1,80.96,6.93,2020,1,Winter,0
2020-01-15,1.95,0.5,82.29,7.12,2020,1,Winter,0
2020-01-16,1.94,7.7,83.04,4.72,2020,1,Winter,0
2020-01-17,1.07,10.1,91.88,5.01,2020,1,Winter,0
2020-01-18,-0.75,6.6,91.08,2.95,2020,1,Winter,1
2020-01-19,-0.6,0.0,75.54,4.7,2020,1,Winter,1
2020-01-20,0.32,0.3,62.58,3.84,2020,1,Winter,0
2020-01-21,0.66,4.3,76.62,6.83,2020,1,Winter,0
2020-01-22,0.74,0.0,74.46,5.05,2020,1,Winter,0
2020-01-23,0.32,0.0,69.71,6.32,2020,1,Winter,0
2020-01-24,2.8,0.0,51.0,6.45,2020,1,Winter,0
2020-01-25,4.27,1.5,60.38,4.3,2020,1,Winter,0
2020-01-26,2.25,0.0,75.96,5.21,2020,1,Winter,0
2020-01-27,1.48,4.3,69.83,5.67,2020,1,Winter,0
2020-01-28,1.07,15.0,86.33,8.99,2020,1,Winter,0
2020-01-29,0.16,12.1,81.29,6.11,2020,1,Winter,0
2020-01-30,-1.17,0.2,78.25,4.64,2020,1,Winter,1
2020-01-31,0.27,0.7,76.79,4.84,2020,1,Winter,0
2020-02-01,-0.8,0.1,82.75,4.45,2020,2,Winter,1
2020-02-02,0.06,0.0,66.12,5.43,2020,2,Winter,0
2020-02-03,1.15,0.0,57.33,4.41,2020,2,Winter,0
2020-02-04,0.52,2.8,70.83,4.25,2020,2,Winter,0
2020-02-05,1.0,0.0,77.21,4.66,2020,2,Winter,0
2020-02-06,0.84,0.1,79.54,4.07,2020,2,Winter,0
2020-02-07,0.24,0.6,80.33,4.81,2020,2,Winter,0
2020-02-08,0.69,0.0,66.67,4.57,2020,2,Winter,0
2020-02-09,2.18,0.0,52.04,4.77,2020,2,Winter,0
2020-02-10,3.38,0.0,59.46,4.4,2020,2,Winter,0
2020-02-11,4.25,0.0,61.38,4.37,2020,2,Winter,0
2020-02-12,6.86,0.0,55.58,7.61,2020,2,Winter,0
2020-02-13,9.6,0.0,58.12,8.22,2020,2,Winter,0
2020-02-14,6.88,0.0,74.08,6.74,2020,2,Winter,0
2020-02-15,6.65,0.0,62.79,7.84,2020,2,Winter,0
2020-02-16,6.78,0.0,54.83,7.05,2020,2,Winter,0
2020-02-17,6.18,0.0,54.08,6.42,2020,2,Winter,0
2020-02-18,6.57,0.0,51.67,7.04,2020,2,Winter,0
2020-02-19,5.95,0.0,54.71,5.56,2020,2,Winter,0
2020-02-20,8.03,0.4,51.42,8.57,2020,2,Winter,0
2020-02-21,3.59,11.3,83.92,6.74,2020,2,Winter,0
2020-02-22,4.69,0.6,79.42,4.84,2020,2,Winter,0
2020-02-23,4.58,3.3,78.67,3.6,2020,2,Winter,0
2020-02-24,4.35,0.4,74.96,3.9,2020,2,Winter,0
2020-02-25,4.73,0.3,73.75,4.45,2020,2,Winter,0
2020-02-26,5.31,0.0,74.33,6.37,2020,2,Winter,0
2020-02-27,5.41,0.0,77.38,4.64,2020,2,Winter,0
2020-02-28,6.85,3.9,75.83,4.31,2020,2,Winter,0
2020-02-29,6.23,3.8,70.04,6.79,2020,2,Winter,0
2020-03-01,5.82,1.1,70.5,4.18,2020,3,Spring,0
2020-03-02,5.82,0.4,72.33,4.75,2020,3,Spring,0
2020-03-03,6.33,1.2,74.75,4.28,2020,3,Spring,0
2020-03-04,5.71,1.3,78.04,5.11,2020,3,Spring,0
2020-03-05,4.86,2.5,76.88,8.55,2020,3,Spring,0
2020-03-06,3.93,16.9,76.12,9.49,2020,3,Spring,0
2020-03-07,2.18,24.1,84.0,9.3,2020,3,Spring,0
2020-03-08,3.92,1.8,75.75,5.56,2020,3,Spring,0
2020-03-09,5.49,0.0,66.08,6.17,2020,3,Spring,0
2020-03-10,6.13,0.7,74.38,4.76,2020,3,Spring,0
2020-03-11,5.2,8.6,78.25,9.56,2020,3,Spring,0
2020-03-12,6.16,9.4,75.38,13.17,2020,3,Spring,0
2020-03-13,4.5,17.4,79.75,9.3,2020,3,Spring,0
2020-03-14,3.53,7.3,79.75,6.84,2020,3,Spring,0
2020-03-15,3.61,2.0,82.46,4.99,2020,3,Spring,0
2020-03-16,5.7,0.1,73.04,4.52,2020,3,Spring,0
2020-03-17,7.07,0.7,71.38,5.5,2020,3,Spring,0
2020-03-18,7.09,0.8,73.29,5.41,2020,3,Spring,0
2020-03-19,6.9,0.0,71.54,4.27,2020,3,Spring,0
2020-03-20,7.53,0.8,68.96,4.64,2020,3,Spring,0
2020-03-21,7.47,5.6,71.92,4.47,2020,3,Spring,0
2020-03-22,8.03,2.8,69.62,6.01,2020,3,Spring,0
2020-03-23,8.69,0.0,71.12,5.6,2020,3,Spring,0
2020-03-24,8.09,9.3,77.75,6.26,2020,3,Spring,0
2020-03-25,9.15,0.2,70.58,5.68,2020,3,Spring,0
2020-03-26,9.4,0.0,64.08,6.12,2020,3,Spring,0
2020-03-27,8.61,14.1,75.79,9.41,2020,3,Spring,0
2020-03-28,7.93,10.2,75.75,5.55,2020,3,Spring,0
2020-03-29,7.98,0.2,62.67,7.04,2020,3,Spring,0
2020-03-30,8.47,0.0,64.17,5.86,2020,3,Spring,0
2020-03-31,9.37,4.3,61.79,5.97,2020,3,Spring,0
2020-04-01,9.02,1.2,66.29,6.58,2020,4,Spring,0
2020-04-02,7.62,4.8,58.5,6.9,2020,4,Spring,0
2020-04-03,7.69,0.0,58.17,7.01,2020,4,Spring,0
2020-04-04,9.33,0.0,60.88,5.62,2020,4,Spring,0
2020-04-05,9.77,0.0,58.29,5.72,2020,4,Spring,0
2020-04-06,10.06,0.6,59.5,7.13,2020,4,Spring,0
2020-04-07,9.53,5.5,60.42,6.68,2020,4,Spring,0
2020-04-08,8.04,5.8,68.62,6.47,2020,4,Spring,0
2020-04-09,10.52,0.0,53.71,6.0,2020,4,Spring,0
2020-04-10,10.82,0.0,56.08,5.8,2020,4,Spring,0
2020-04-11,12.38,0.0,54.46,6.85,2020,4,Spring,0
2020-04-12,13.85,0.0,58.17,6.82,2020,4,Spring,0
2020-04-13,14.1,0.0,62.58,6.59,2020,4,Spring,0
2020-04-14,14.2,2.0,61.33,5.02,2020,4,Spring,0
2020-04-15,13.85,1.1,54.88,5.69,2020,4,Spring,0
2020-04-16,14.6,0.0,49.33,6.26,2020,4,Spring,0
2020-04-17,12.29,5.8,62.21,7.75,2020,4,Spring,0
2020-04-18,10.8,9.3,72.21,7.04,2020,4,Spring,0
2020-04-19,10.47,1.6,67.96,6.49,2020,4,Spring,0
2020-04-20,9.99,3.8,67.38,5.41,2020,4,Spring,0
2020-04-21,9.2,8.3,75.96,5.78,2020,4,Spring,0
2020-04-22,10.21,1.9,71.75,5.22,2020,4,Spring,0
2020-04-23,12.04,0.0,59.17,6.11,2020,4,Spring,0
2020-04-24,12.39,0.8,60.58,5.62,2020,4,Spring,0
2020-04-25,12.32,0.6,67.67,5.36,2020,4,Spring,0
2020-04-26,11.42,7.7,77.96,4.99,2020,4,Spring,0
2020-04-27,10.61,5.8,81.75,5.24,2020,4,Spring,0
2020-04-28,11.34,3.9,77.17,4.99,2020,4,Spring,0
2020-04-29,12.95,0.5,72.88,7.32,2020,4,Spring,0
2020-04-30,12.05,2.7,83.0,5.05,2020,4,Spring,0
2020-05-01,15.13,0.0,61.33,8.59,2020,5,Spring,0
2020-05-02,14.5,4.0,67.88,6.56,2020,5,Spring,0
2020-05-03,14.15,3.5,66.08,7.12,2020,5,Spring,0
2020-05-04,13.44,2.3,74.67,4.13,2020,5,Spring,0
2020-05-05,13.03,0.9,63.92,6.8,2020,5,Spring,0
2020-05-06,12.22,3.8,62.42,5.98,2020,5,Spring,0
2020-05-07,12.48,0.3,56.21,9.01,2020,5,Spring,0
2020-05-08,14.28,0.0,52.25,8.13,2020,5,Spring,0
2020-05-09,14.68,5.3,57.04,6.0,2020,5,Spring,0
2020-05-10,14.14,1.5,63.62,6.79,2020,5,Spring,0
2020-05-11,14.35,0.8,64.58,6.15,2020,5,Spring,0
2020-05-12,14.28,0.8,68.54,6.66,2020,5,Spring,0
2020-05-13,14.07,0.8,71.17,5.28,2020,5,Spring,0
2020-05-14,13.99,2.6,72.12,4.83,2020,5,Spring,0
2020-05-15,15.49,0.1,57.08,7.46,2020,5,Spring,0
2020-05-16,16.18,0.0,55.0,7.55,2020,5,Spring,0
2020-05-17,16.43,0.0,49.25,6.26,2020,5,Spring,0
2020-05-18,15.1,0.6,44.12,7.2,2020,5,Spring,0
2020-05-19,14.48,0.0,40.0,7.38,2020,5,Spring,0
2020-05-20,16.22,0.0,38.54,7.56,2020,5,Spring,0
2020-05-21,18.64,0.0,37.92,9.7,2020,5,Spring,0
2020-05-22,19.66,0.0,36.92,8.58,2020,5,Spring,0
2020-05-23,18.25,0.4,42.29,6.83,2020,5,Spring,0
2020-05-24,18.47,0.1,40.04,8.66,2020,5,Spring,0
2020-05-25,19.72,0.0,40.42,9.91,2020,5,Spring,0
2020-05-26,19.01,0.0,43.29,8.16,2020,5,Spring,0
2020-05-27,18.44,0.7,44.83,6.16,2020,5,Spring,0
2020-05-28,18.01,1.2,49.33,6.06,2020,5,Spring,0
2020-05-29,15.02,9.7,71.21,5.88,2020,5,Spring,0
2020-05-30,13.78,7.8,82.0,4.81,2020,5,Spring,0
2020-05-31,12.97,7.0,83.33,4.29,2020,5,Spring,0
2020-06-01,12.76,8.0,84.54,4.82,2020,6,Monsoon,0
2020-06-02,13.31,1.4,76.0,4.8,2020,6,Monsoon,0
2020-06-03,14.3,1.8,75.08,4.0,2020,6,Monsoon,0
2020-06-04,14.34,5.0,72.67,4.09,2020,6,Monsoon,0
2020-06-05,13.54,8.0,83.38,3.8,2020,6,Monsoon,0
2020-06-06,13.75,1.9,80.46,4.96,2020,6,Monsoon,0
2020-06-07,14.58,10.3,84.75,4.79,2020,6,Monsoon,0
2020-06-08,15.97,0.9,78.38,5.03,2020,6,Monsoon,0
2020-06-09,17.0,0.7,74.17,6.33,2020,6,Monsoon,0
2020-06-10,17.48,1.0,74.58,6.85,2020,6,Monsoon,0
2020-06-11,17.95,0.0,69.46,6.81,2020,6,Monsoon,0
2020-06-12,18.12,0.0,67.33,7.55,2020,6,Monsoon,0
2020-06-13,18.18,0.3,69.25,6.87,2020,6,Monsoon,0
2020-06-14,18.37,0.4,66.5,6.88,2020,6,Monsoon,0
2020-06-15,18.28,0.0,58.71,8.15,2020,6,Monsoon,0
2020-06-16,18.68,0.0,58.25,7.64,2020,6,Monsoon,0
2020-06-17,17.98,1.8,74.21,6.9,2020,6,Monsoon,0
2020-06-18,18.87,0.7,70.62,7.92,2020,6,Monsoon,0
2020-06-19,18.81,0.9,67.88,7.53,2020,6,Monsoon,0
2020-06-20,18.36,0.7,70.46,7.53,2020,6,Monsoon,0
2020-06-21,17.53,2.6,78.92,6.38,2020,6,Monsoon,0
2020-06-22,17.18,2.5,83.92,4.54,2020,6,Monsoon,0
2020-06-23,17.7,2.7,86.58,4.98,2020,6,Monsoon,0
2020-06-24,17.3,4.9,88.25,4.5,2020,6,Monsoon,0
2020-06-25,17.32,0.4,83.79,6.16,2020,6,Monsoon,0
2020-06-26,17.22,0.9,79.46,6.31,2020,6,Monsoon,0
2020-06-27,18.41,0.0,73.0,7.62,2020,6,Monsoon,0
2020-06-28,18.99,0.0,71.71,7.59,2020,6,Monsoon,0
2020-06-29,18.97,2.7,72.38,5.95,2020,6,Monsoon,0
2020-06-30,18.19,3.2,79.04,5.68,2020,6,Monsoon,0
2020-07-01,17.83,4.7,89.46,5.7,2020,7,Monsoon,0
2020-07-02,18.53,3.3,84.92,6.82,2020,7,Monsoon,0
2020-07-03,18.82,4.2,81.17,6.62,2020,7,Monsoon,0
2020-07-04,18.24,10.0,85.75,5.82,2020,7,Monsoon,0
2020-07-05,16.97,2.4,80.92,5.4,2020,7,Monsoon,0
2020-07-06,17.24,5.7,81.25,4.48,2020,7,Monsoon,0
2020-07-07,17.35,4.5,88.08,4.12,2020,7,Monsoon,0
2020-07-08,17.22,8.1,93.58,2.44,2020,7,Monsoon,0
2020-07-09,18.1,2.8,88.46,4.32,2020,7,Monsoon,0
2020-07-10,18.04,2.0,85.62,7.7,2020,7,Monsoon,0
2020-07-11,17.68,1.9,88.29,7.06,2020,7,Monsoon,0
2020-07-12,17.4,3.4,85.5,5.39,2020,7,Monsoon,0
2020-07-13,17.63,0.0,80.46,6.38,2020,7,Monsoon,0
2020-07-14,17.96,1.5,83.29,5.82,2020,7,Monsoon,0
2020-07-15,17.66,5.2,91.21,4.65,2020,7,Monsoon,0
2020-07-16,17.35,3.0,89.46,3.78,2020,7,Monsoon,0
2020-07-17,18.02,3.2,88.38,3.75,2020,7,Monsoon,0
2020-07-18,18.26,3.8,88.88,5.35,2020,7,Monsoon,0
2020-07-19,18.38,2.4,87.83,5.88,2020,7,Monsoon,0
2020-07-20,17.48,6.5,86.58,6.67,2020,7,Monsoon,0
2020-07-21,14.89,21.0,91.54,3.9,2020,7,Monsoon,0
2020-07-22,15.24,3.5,87.54,3.96,2020,7,Monsoon,0
2020-07-23,15.84,4.8,85.83,4.65,2020,7,Monsoon,0
2020-07-24,16.95,9.0,87.75,4.09,2020,7,Monsoon,0
2020-07-25,16.47,8.9,91.83,3.91,2020,7,Monsoon,0
2020-07-26,17.4,2.6,87.0,4.06,2020,7,Monsoon,0
2020-07-27,17.68,3.5,88.71,6.55,2020,7,Monsoon,0
2020-07-28,17.67,10.3,93.79,6.82,2020,7,Monsoon,0
2020-07-29,17.43,31.2,94.12,5.33,2020,7,Monsoon,0
2020-07-30,17.05,9.0,91.5,3.49,2020,7,Monsoon,0
2020-07-31,16.93,8.6,94.21,3.91,2020,7,Monsoon,0
2020-08-01,17.15,2.7,90.04,4.9,2020,8,Monsoon,0
2020-08-02,17.14,3.3,91.04,6.21,2020,8,Monsoon,0
2020-08-03,17.85,7.7,87.12,6.53,2020,8,Monsoon,0
2020-08-04,18.25,0.0,80.67,5.27,2020,8,Monsoon,0
2020-08-05,18.62,2.1,84.88,3.47,2020,8,Monsoon,0
2020-08-06,18.76,2.1,80.75,6.65,2020,8,Monsoon,0
2020-08-07,17.91,6.2,91.38,3.38,2020,8,Monsoon,0
2020-08-08,18.68,4.1,87.29,5.5,2020,8,Monsoon,0
2020-08-09,18.27,15.5,93.5,4.34,2020,8,Monsoon,0
2020-08-10,17.73,5.1,94.54,4.06,2020,8,Monsoon,0
2020-08-11,17.42,3.6,95.75,4.05,2020,8,Monsoon,0
2020-08-12,17.42,55.0,93.46,5.32,2020,8,Monsoon,0
2020-08-13,17.59,22.8,93.46,3.33,2020,8,Monsoon,0
2020-08-14,17.67,11.6,94.12,4.13,2020,8,Monsoon,0
2020-08-15,17.9,2.4,89.79,3.99,2020,8,Monsoon,0
2020-08-16,17.88,5.4,89.62,4.65,2020,8,Monsoon,0
2020-08-17,17.95,6.2,91.08,4.18,2020,8,Monsoon,0
2020-08-18,17.82,5.2,93.29,3.58,2020,8,Monsoon,0
2020-08-19,17.82,6.5,94.42,4.85,2020,8,Monsoon,0
2020-08-20,16.89,8.6,87.96,4.02,2020,8,Monsoon,0
2020-08-21,15.78,21.3,89.46,4.58,2020,8,Monsoon,0
2020-08-22,17.03,1.3,84.83,7.37,2020,8,Monsoon,0
2020-08-23,16.96,5.5,91.12,5.14,2020,8,Monsoon,0
2020-08-24,17.27,8.4,93.25,3.8,2020,8,Monsoon,0
2020-08-25,16.83,40.5,94.04,3.14,2020,8,Monsoon,0
2020-08-26,17.18,16.8,94.83,3.12,2020,8,Monsoon,0
2020-08-27,16.76,26.6,97.17,4.01,2020,8,Monsoon,0
2020-08-28,16.34,16.7,93.33,3.39,2020,8,Monsoon,0
2020-08-29,16.27,8.6,92.83,3.84,2020,8,Monsoon,0
2020-08-30,16.95,4.8,88.04,3.22,2020,8,Monsoon,0
2020-08-31,17.31,3.2,86.42,4.35,2020,8,Monsoon,0
2020-09-01,17.08,1.0,87.12,4.62,2020,9,Monsoon,0
2020-09-02,17.32,1.6,88.21,4.13,2020,9,Monsoon,0
2020-09-03,16.62,6.3,93.96,2.98,2020,9,Monsoon,0
2020-09-04,16.24,5.3,95.0,3.25,2020,9,Monsoon,0
2020-09-05,16.06,6.7,92.5,3.83,2020,9,Monsoon,0
2020-09-06,15.84,5.7,93.75,3.6,2020,9,Monsoon,0
2020-09-07,15.99,4.4,91.79,4.13,2020,9,Monsoon,0
2020-09-08,16.25,0.3,84.42,5.21,2020,9,Monsoon,0
2020-09-09,16.3,0.0,83.08,5.8,2020,9,Monsoon,0
2020-09-10,15.82,0.0,83.71,5.92,2020,9,Monsoon,0
2020-09-11,15.63,0.0,82.04,5.41,2020,9,Monsoon,0
2020-09-12,15.86,1.0,82.58,5.2,2020,9,Monsoon,0
2020-09-13,15.89,3.2,90.92,4.19,2020,9,Monsoon,0
2020-09-14,15.7,0.4,88.04,5.38,2020,9,Monsoon,0
2020-09-15,16.47,0.0,81.79,6.06,2020,9,Monsoon,0
2020-09-16,16.95,0.0,83.0,7.66,2020,9,Monsoon,0
2020-09-17,16.76,0.0,83.75,7.57,2020,9,Monsoon,0
2020-09-18,16.31,0.0,76.5,6.87,2020,9,Monsoon,0
2020-09-19,15.53,0.0,77.04,5.94,2020,9,Monsoon,0
2020-09-20,15.68,0.3,78.71,4.92,2020,9,Monsoon,0
2020-09-21,16.62,1.6,80.5,4.01,2020,9,Monsoon,0
2020-09-22,15.97,1.1,88.04,4.92,2020,9,Monsoon,0
2020-09-23,15.75,1.3,86.88,4.76,2020,9,Monsoon,0
2020-09-24,15.52,0.0,86.38,6.56,2020,9,Monsoon,0
2020-09-25,15.54,0.0,75.92,8.16,2020,9,Monsoon,0
2020-09-26,14.16,1.2,69.58,5.83,2020,9,Monsoon,0
2020-09-27,14.17,0.0,63.88,6.29,2020,9,Monsoon,0
2020-09-28,14.14,0.0,66.75,6.21,2020,9,Monsoon,0
2020-09-29,14.02,0.1,69.0,6.13,2020,9,Monsoon,0
2020-09-30,14.21,0.0,67.08,6.25,2020,9,Monsoon,0
2020-10-01,14.53,0.0,61.0,6.15,2020,10,Autumn,0
2020-10-02,14.37,0.0,62.46,5.92,2020,10,Autumn,0
2020-10-03,14.2,0.0,67.38,5.17,2020,10,Autumn,0
2020-10-04,14.4,0.2,69.29,5.34,2020,10,Autumn,0
2020-10-05,14.32,0.0,63.58,6.09,2020,10,Autumn,0
2020-10-06,14.28,0.0,59.54,5.81,2020,10,Autumn,0
2020-10-07,14.0,0.0,61.33,5.22,2020,10,Autumn,0
2020-10-08,14.01,0.0,63.0,5.12,2020,10,Autumn,0
2020-10-09,13.99,0.0,66.08,5.0,2020,10,Autumn,0
2020-10-10,14.28,0.0,67.04,4.89,2020,10,Autumn,0
2020-10-11,14.25,0.0,65.62,4.81,2020,10,Autumn,0
2020-10-12,14.22,0.3,69.04,4.27,2020,10,Autumn,0
2020-10-13,13.55,1.7,78.54,3.66,2020,10,Autumn,0
2020-10-14,13.88,0.0,73.25,4.3,2020,10,Autumn,0
2020-10-15,13.62,0.0,69.75,4.79,2020,10,Autumn,0
2020-10-16,13.21,0.0,66.29,4.38,2020,10,Autumn,0
2020-10-17,12.95,0.0,64.71,4.73,2020,10,Autumn,0
2020-10-18,12.51,0.0,62.88,5.5,2020,10,Autumn,0
2020-10-19,13.1,0.0,58.88,5.3,2020,10,Autumn,0
2020-10-20,12.07,0.0,60.79,5.19,2020,10,Autumn,0
2020-10-21,11.51,0.0,51.04,5.86,2020,10,Autumn,0
2020-10-22,10.81,0.1,46.0,5.8,2020,10,Autumn,0
2020-10-23,10.97,0.0,56.33,5.13,2020,10,Autumn,0
2020-10-24,10.84,0.7,64.38,4.42,2020,10,Autumn,0
2020-10-25,11.0,0.0,56.62,4.52,2020,10,Autumn,0
2020-10-26,10.02,0.0,48.58,7.2,2020,10,Autumn,0
2020-10-27,9.73,0.0,52.79,5.2,2020,10,Autumn,0
2020-10-28,10.15,0.0,54.54,5.07,2020,10,Autumn,0
2020-10-29,9.65,0.1,58.79,5.2,2020,10,Autumn,0
2020-10-30,9.86,0.8,58.71,5.4,2020,10,Autumn,0
2020-10-31,10.55,1.5,63.88,5.85,2020,10,Autumn,0
2020-11-01,10.54,1.8,71.12,4.42,2020,11,Autumn,0
2020-11-02,9.53,2.6,71.12,4.14,2020,11,Autumn,0
2020-11-03,9.31,1.4,67.29,3.95,2020,11,Autumn,0
2020-11-04,9.29,0.5,62.88,4.88,2020,11,Autumn,0
2020-11-05,8.91,0.0,61.75,5.81,2020,11,Autumn,0
2020-11-06,8.26,0.0,52.5,6.7,2020,11,Autumn,0
2020-11-07,8.14,0.0,53.46,6.83,2020,11,Autumn,0
2020-11-08,8.17,0.0,57.83,4.92,2020,11,Autumn,0
2020-11-09,8.48,0.0,67.46,4.59,2020,11,Autumn,0
2020-11-10,9.1,0.0,69.33,4.42,2020,11,Autumn,0
2020-11-11,8.82,0.2,70.62,4.35,2020,11,Autumn,0
2020-11-12,8.65,0.0,67.96,4.23,2020,11,Autumn,0
2020-11-13,8.86,0.0,65.75,4.16,2020,11,Autumn,0
2020-11-14,7.93,0.0,72.54,3.84,2020,11,Autumn,0
2020-11-15,7.49,4.6,64.38,5.84,2020,11,Autumn,0
2020-11-16,5.02,6.5,77.46,7.6,2020,11,Autumn,0
2020-11-17,5.12,0.0,75.12,4.44,2020,11,Autumn,0
2020-11-18,5.45,0.6,73.58,4.65,2020,11,Autumn,0
2020-11-19,4.06,0.9,75.0,4.48,2020,11,Autumn,0
2020-11-20,4.15,0.0,69.92,5.34,2020,11,Autumn,0
2020-11-21,3.32,0.0,69.33,5.22,2020,11,Autumn,0
2020-11-22,4.56,0.0,58.12,4.51,2020,11,Autumn,0
2020-11-23,4.51,2.2,64.21,6.39,2020,11,Autumn,0
2020-11-24,5.55,0.0,65.17,5.55,2020,11,Autumn,0
2020-11-25,4.79,14.6,69.29,8.2,2020,11,Autumn,0
2020-11-26,2.9,12.0,82.75,8.6,2020,11,Autumn,0
2020-11-27,5.3,0.0,57.62,5.03,2020,11,Autumn,0
2020-11-28,6.37,0.0,42.83,5.47,2020,11,Autumn,0
2020-11-29,7.48,0.0,52.29,3.79,2020,11,Autumn,0
2020-11-30,7.51,0.0,56.88,4.1,2020,11,Autumn,0
2020-12-01,7.68,0.0,61.58,4.98,2020,12,Winter,0
2020-12-02,8.22,0.0,55.67,6.72,2020,12,Winter,0
2020-12-03,7.78,0.0,53.79,4.4,2020,12,Winter,0
2020-12-04,5.99,0.0,62.0,4.35,2020,12,Winter,0
2020-12-05,6.53,0.1,54.12,3.75,2020,12,Winter,0
2020-12-06,6.84,0.6,62.67,4.38,2020,12,Winter,0
2020-12-07,6.25,0.0,60.5,6.21,2020,12,Winter,0
2020-12-08,8.09,0.0,51.96,3.98,2020,12,Winter,0
2020-12-09,7.06,0.0,62.08,4.16,2020,12,Winter,0
2020-12-10,6.51,0.2,63.5,4.1,2020,12,Winter,0
2020-12-11,6.06,0.1,58.58,5.03,2020,12,Winter,0
2020-12-12,4.2,11.8,73.58,6.16,2020,12,Winter,0
2020-12-13,2.95,0.0,77.17,4.74,2020,12,Winter,0
2020-12-14,2.7,0.0,66.5,4.38,2020,12,Winter,0
2020-12-15,1.99,0.0,65.29,4.33,2020,12,Winter,0
2020-12-16,0.69,0.0,66.38,4.58,2020,12,Winter,0
2020-12-17,1.19,0.0,59.54,4.61,2020,12,Winter,0
2020-12-18,1.37,0.0,38.08,4.47,2020,12,Winter,0
2020-12-19,3.31,0.0,35.46,5.33,2020,12,Winter,0
2020-12-20,6.22,0.0,32.42,6.14,2020,12,Winter,0
2020-12-21,6.76,0.0,39.67,5.1,2020,12,Winter,0
2020-12-22,4.3,0.0,55.04,4.12,2020,12,Winter,0
2020-12-23,3.72,0.0,55.5,3.64,2020,12,Winter,0
2020-12-24,2.17,0.0,59.17,4.58,2020,12,Winter,0
2020-12-25,2.84,0.0,56.46,4.31,2020,12,Winter,0
2020-12-26,3.72,0.0,42.67,4.7,2020,12,Winter,0
2020-12-27,2.25,2.9,43.29,8.29,2020,12,Winter,0
2020-12-28,-1.58,6.0,86.25,5.86,2020,12,Winter,1
2020-12-29,-1.63,0.4,79.88,5.91,2020,12,Winter,1
2020-12-30,-0.39,0.0,74.96,4.75,2020,12,Winter,1
2020-12-31,2.57,0.0,42.17,3.95,2020,12,Winter,0
2021-01-01,3.71,0.0,44.5,3.33,2021,1,Winter,0
2021-01-02,3.68,1.2,43.5,6.43,2021,1,Winter,0
2021-01-03,5.46,4.1,63.79,8.02,2021,1,Winter,0
2021-01-04,5.62,1.4,73.38,6.04,2021,1,Winter,0
2021-01-05,4.2,21.5,81.62,13.24,2021,1,Winter,0
2021-01-06,4.88,7.4,77.71,7.05,2021,1,Winter,0
2021-01-07,3.49,0.0,77.92,4.9,2021,1,Winter,0
2021-01-08,4.28,0.0,50.79,6.08,2021,1,Winter,0
2021-01-09,4.91,0.6,61.75,6.84,2021,1,Winter,0
2021-01-10,4.55,0.0,71.54,4.63,2021,1,Winter,0
2021-01-11,3.93,0.0,50.42,3.98,2021,1,Winter,0
2021-01-12,3.37,0.0,44.04,4.61,2021,1,Winter,0
2021-01-13,5.02,0.0,36.25,5.02,2021,1,Winter,0
2021-01-14,4.45,0.0,48.0,3.87,2021,1,Winter,0
2021-01-15,6.04,0.0,50.5,4.35,2021,1,Winter,0
2021-01-16,4.66,0.0,52.79,5.25,2021,1,Winter,0
2021-01-17,4.0,0.0,61.92,4.69,2021,1,Winter,0
2021-01-18,3.56,0.0,64.96,4.02,2021,1,Winter,0
2021-01-19,3.65,0.0,63.88,5.16,2021,1,Winter,0
2021-01-20,3.97,0.0,50.79,7.94,2021,1,Winter,0
2021-01-21,4.2,0.0,45.54,6.39,2021,1,Winter,0
2021-01-22,5.43,0.0,48.5,3.44,2021,1,Winter,0
2021-01-23,3.9,2.6,64.71,9.04,2021,1,Winter,0
2021-01-24,1.66,2.2,80.21,5.09,2021,1,Winter,0
2021-01-25,1.74,0.0,77.12,4.07,2021,1,Winter,0
2021-01-26,1.79,0.0,78.79,4.21,2021,1,Winter,0
2021-01-27,1.65,0.0,72.54,4.86,2021,1,Winter,0
2021-01-28,1.05,0.2,70.62,4.36,2021,1,Winter,0
2021-01-29,0.41,0.1,72.25,5.02,2021,1,Winter,0
2021-01-30,2.14,0.0,55.54,5.15,2021,1,Winter,0
2021-01-31,1.8,0.0,57.83,4.94,2021,1,Winter,0
2021-02-01,4.72,0.0,52.25,5.17,2021,2,Winter,0
2021-02-02,3.86,0.0,56.04,5.58,2021,2,Winter,0
2021-02-03,2.46,11.2,70.12,8.55,2021,2,Winter,0
2021-02-04,0.56,19.4,82.12,8.92,2021,2,Winter,0
2021-02-05,-0.64,0.4,78.21,4.21,2021,2,Winter,1
2021-02-06,-0.01,0.0,66.75,5.35,2021,2,Winter,1
2021-02-07,3.2,0.0,49.54,4.45,2021,2,Winter,0
2021-02-08,5.87,0.0,52.42,4.98,2021,2,Winter,0
2021-02-09,6.91,0.0,61.5,5.62,2021,2,Winter,0
2021-02-10,4.92,0.0,73.92,4.4,2021,2,Winter,0
2021-02-11,5.36,0.0,66.33,4.7,2021,2,Winter,0
2021-02-12,5.18,0.0,66.38,5.32,2021,2,Winter,0
2021-02-13,5.54,0.1,76.29,4.32,2021,2,Winter,0
2021-02-14,5.98,0.0,82.71,4.68,2021,2,Winter,0
2021-02-15,5.39,0.6,72.96,4.38,2021,2,Winter,0
2021-02-16,5.22,0.0,61.5,3.75,2021,2,Winter,0
2021-02-17,5.06,0.8,58.62,4.67,2021,2,Winter,0
2021-02-18,4.91,0.1,69.58,4.16,2021,2,Winter,0
2021-02-19,5.46,0.0,71.0,6.03,2021,2,Winter,0
2021-02-20,6.21,0.0,70.04,5.36,2021,2,Winter,0
2021-02-21,7.3,0.0,69.62,6.13,2021,2,Winter,0
2021-02-22,9.87,0.0,59.88,7.23,2021,2,Winter,0
2021-02-23,8.84,0.3,60.04,6.34,2021,2,Winter,0
2021-02-24,9.0,0.0,45.75,7.45,2021,2,Winter,0
2021-02-25,9.36,0.0,44.04,9.07,2021,2,Winter,0
2021-02-26,9.65,0.6,47.79,7.91,2021,2,Winter,0
2021-02-27,8.3,2.9,66.62,9.02,2021,2,Winter,0
2021-02-28,7.05,0.0,46.08,8.4,2021,2,Winter,0
2021-03-01,5.98,0.0,54.25,6.48,2021,3,Spring,0
2021-03-02,7.21,0.0,51.96,9.2,2021,3,Spring,0
2021-03-03,9.33,0.0,43.83,8.71,2021,3,Spring,0
2021-03-04,8.27,0.0,47.29,7.1,2021,3,Spring,0
2021-03-05,8.28,0.0,43.42,10.68,2021,3,Spring,0
2021-03-06,9.63,0.0,40.21,9.79,2021,3,Spring,0
2021-03-07,8.91,8.5,64.42,10.07,2021,3,Spring,0
2021-03-08,7.91,13.6,75.79,7.19,2021,3,Spring,0
2021-03-09,9.37,0.4,53.79,6.68,2021,3,Spring,0
2021-03-10,8.54,0.6,53.0,5.05,2021,3,Spring,0
2021-03-11,9.44,0.4,47.92,5.06,2021,3,Spring,0
2021-03-12,7.82,3.1,58.79,5.31,2021,3,Spring,0
2021-03-13,9.24,0.0,54.67,6.07,2021,3,Spring,0
2021-03-14,9.51,0.0,57.42,7.4,2021,3,Spring,0
2021-03-15,10.02,0.0,54.71,7.2,2021,3,Spring,0
2021-03-16,10.12,0.0,52.38,7.99,2021,3,Spring,0
2021-03-17,10.69,0.1,45.88,7.95,2021,3,Spring,0
2021-03-18,10.61,0.0,44.5,6.51,2021,3,Spring,0
2021-03-19,11.67,0.0,37.92,6.98,2021,3,Spring,0
2021-03-20,10.87,0.1,49.67,6.93,2021,3,Spring,0
2021-03-21,10.63,1.6,57.5,6.55,2021,3,Spring,0
2021-03-22,9.0,13.6,66.79,9.35,2021,3,Spring,0
2021-03-23,7.66,6.7,66.46,8.55,2021,3,Spring,0
2021-03-24,8.45,0.5,53.88,6.21,2021,3,Spring,0
2021-03-25,8.58,0.0,51.54,8.29,2021,3,Spring,0
2021-03-26,10.23,0.0,48.67,6.8,2021,3,Spring,0
2021-03-27,12.16,0.4,52.96,6.75,2021,3,Spring,0
2021-03-28,13.39,0.9,54.33,6.7,2021,3,Spring,0
2021-03-29,14.01,3.5,48.67,8.41,2021,3,Spring,0
2021-03-30,13.2,3.8,50.0,7.96,2021,3,Spring,0
2021-03-31,11.95,0.0,36.62,11.43,2021,3,Spring,0
2021-04-01,10.83,0.0,36.12,11.04,2021,4,Spring,0
2021-04-02,8.87,0.0,31.54,7.68,2021,4,Spring,0
2021-04-03,8.94,0.0,29.42,8.96,2021,4,Spring,0
2021-04-04,12.41,0.0,31.17,10.26,2021,4,Spring,0
2021-04-05,11.78,2.1,52.58,10.17,2021,4,Spring,0
2021-04-06,11.93,4.5,51.17,11.25,2021,4,Spring,0
2021-04-07,11.69,4.0,53.17,8.08,2021,4,Spring,0
2021-04-08,11.33,0.4,48.83,7.26,2021,4,Spring,0
2021-04-09,11.95,0.2,34.96,7.79,2021,4,Spring,0
2021-04-10,12.61,0.0,26.71,7.0,2021,4,Spring,0
2021-04-11,13.54,0.0,27.21,8.32,2021,4,Spring,0
2021-04-12,12.62,0.7,37.62,8.06,2021,4,Spring,0
2021-04-13,14.12,0.0,32.5,9.86,2021,4,Spring,0
2021-04-14,14.96,0.0,32.92,9.63,2021,4,Spring,0
2021-04-15,14.29,1.1,37.46,6.15,2021,4,Spring,0
2021-04-16,13.87,4.9,48.21,6.5,2021,4,Spring,0
2021-04-17,9.85,19.7,73.83,9.33,2021,4,Spring,0
2021-04-18,10.56,3.0,63.58,7.23,2021,4,Spring,0
2021-04-19,11.86,0.0,45.46,9.56,2021,4,Spring,0
2021-04-20,8.59,14.0,58.92,10.61,2021,4,Spring,0
2021-04-21,8.6,32.2,75.21,12.39,2021,4,Spring,0
2021-04-22,8.14,15.9,79.17,6.9,2021,4,Spring,0
2021-04-23,6.58,32.8,81.33,9.39,2021,4,Spring,0
2021-04-24,9.3,0.0,64.04,7.25,2021,4,Spring,0
2021-04-25,12.04,0.0,43.83,6.57,2021,4,Spring,0
2021-04-26,13.68,0.0,47.12,5.67,2021,4,Spring,0
2021-04-27,15.31,0.0,44.96,7.55,2021,4,Spring,0
2021-04-28,15.7,0.0,41.62,7.3,2021,4,Spring,0
2021-04-29,15.48,0.1,42.04,7.15,2021,4,Spring,0
2021-04-30,15.45,0.3,47.0,6.53,2021,4,Spring,0
2021-05-01,14.6,0.4,56.5,5.89,2021,5,Spring,0
2021-05-02,14.49,1.7,59.04,4.29,2021,5,Spring,0
2021-05-03,13.93,4.3,66.21,5.95,2021,5,Spring,0
2021-05-04,13.89,4.5,70.25,4.3,2021,5,Spring,0
2021-05-05,13.95,3.4,67.42,5.39,2021,5,Spring,0
2021-05-06,13.27,11.6,71.71,5.37,2021,5,Spring,0
2021-05-07,12.42,10.6,77.04,4.59,2021,5,Spring,0
2021-05-08,12.52,2.2,70.62,4.63,2021,5,Spring,0
2021-05-09,12.82,0.3,69.21,6.6,2021,5,Spring,0
2021-05-10,13.32,4.1,72.17,5.02,2021,5,Spring,0
2021-05-11,13.48,3.2,74.08,5.08,2021,5,Spring,0
2021-05-12,12.75,2.0,73.54,5.35,2021,5,Spring,0
2021-05-13,10.82,10.6,78.58,4.51,2021,5,Spring,0
2021-05-14,12.46,0.1,62.71,6.33,2021,5,Spring,0
2021-05-15,13.75,1.0,60.83,5.06,2021,5,Spring,0
2021-05-16,15.1,0.1,53.12,5.79,2021,5,Spring,0
2021-05-17,16.53,0.9,45.96,5.2,2021,5,Spring,0
2021-05-18,15.55,0.1,60.75,5.01,2021,5,Spring,0
2021-05-19,13.19,3.6,83.96,4.09,2021,5,Spring,0
2021-05-20,13.5,6.7,77.12,5.25,2021,5,Spring,0
2021-05-21,14.2,0.8,71.96,5.38,2021,5,Spring,0
2021-05-22,14.77,0.3,60.29,5.43,2021,5,Spring,0
2021-05-23,14.66,0.2,61.08,5.0,2021,5,Spring,0
2021-05-24,15.4,0.1,54.88,8.45,2021,5,Spring,0
2021-05-25,16.33,0.0,39.54,8.62,2021,5,Spring,0
2021-05-26,17.23,0.0,40.54,8.35,2021,5,Spring,0
2021-05-27,18.49,0.0,40.0,9.22,2021,5,Spring,0
2021-05-28,19.67,0.0,45.12,7.77,2021,5,Spring,0
2021-05-29,17.24,2.9,73.83,6.65,2021,5,Spring,0
2021-05-30,16.83,4.0,74.67,5.84,2021,5,Spring,0
2021-05-31,16.5,1.8,69.5,7.86,2021,5,Spring,0
2021-06-01,15.33,7.0,72.17,5.82,2021,6,Monsoon,0
2021-06-02,14.5,12.1,73.83,4.19,2021,6,Monsoon,0
2021-06-03,15.08,3.2,72.67,4.25,2021,6,Monsoon,0
2021-06-04,15.34,0.0,69.38,4.7,2021,6,Monsoon,0
2021-06-05,16.07,3.2,67.46,5.1,2021,6,Monsoon,0
2021-06-06,17.02,1.3,65.62,5.08,2021,6,Monsoon,0
2021-06-07,17.03,1.4,73.62,7.45,2021,6,Monsoon,0
2021-06-08,20.28,0.0,66.71,9.72,2021,6,Monsoon,0
2021-06-09,20.92,2.7,69.12,7.43,2021,6,Monsoon,0
2021-06-10,17.89,16.0,84.46,6.8,2021,6,Monsoon,0
2021-06-11,17.0,14.0,87.67,6.32,2021,6,Monsoon,0
2021-06-12,16.63,6.4,86.75,5.83,2021,6,Monsoon,0
2021-06-13,16.55,5.6,80.54,5.82,2021,6,Monsoon,0
2021-06-14,16.7,0.3,73.42,6.26,2021,6,Monsoon,0
2021-06-15,16.72,0.0,69.42,7.08,2021,6,Monsoon,0
2021-06-16,14.85,9.2,86.79,3.75,2021,6,Monsoon,0
2021-06-17,15.73,7.2,83.04,4.54,2021,6,Monsoon,0
2021-06-18,15.44,13.0,89.04,3.67,2021,6,Monsoon,0
2021-06-19,15.94,3.8,82.88,5.11,2021,6,Monsoon,0
2021-06-20,15.66,3.0,84.38,3.98,2021,6,Monsoon,0
2021-06-21,16.65,0.0,80.12,6.62,2021,6,Monsoon,0
2021-06-22,17.44,0.1,70.38,7.35,2021,6,Monsoon,0
2021-06-23,17.86,0.0,61.04,6.56,2021,6,Monsoon,0
2021-06-24,16.9,0.5,71.83,6.7,2021,6,Monsoon,0
2021-06-25,16.6,1.1,71.42,6.53,2021,6,Monsoon,0
2021-06-26,16.38,2.0,78.0,6.08,2021,6,Monsoon,0
2021-06-27,17.55,0.2,71.88,6.12,2021,6,Monsoon,0
2021-06-28,18.38,0.1,73.08,7.86,2021,6,Monsoon,0
2021-06-29,20.15,0.0,58.58,10.38,2021,6,Monsoon,0
2021-06-30,20.95,0.0,55.0,11.86,2021,6,Monsoon,0
2021-07-01,20.23,2.7,69.04,6.12,2021,7,Monsoon,0
2021-07-02,18.49,1.9,73.75,5.4,2021,7,Monsoon,0
2021-07-03,17.62,1.3,74.46,5.52,2021,7,Monsoon,0
2021-07-04,18.02,1.0,74.46,6.83,2021,7,Monsoon,0
2021-07-05,17.63,4.0,83.79,5.35,2021,7,Monsoon,0
2021-07-06,18.35,0.6,79.33,7.55,2021,7,Monsoon,0
2021-07-07,18.76,0.2,75.38,7.12,2021,7,Monsoon,0
2021-07-08,18.51,0.4,76.67,5.8,2021,7,Monsoon,0
2021-07-09,17.77,7.3,85.0,4.99,2021,7,Monsoon,0
2021-07-10,17.81,5.0,90.67,4.62,2021,7,Monsoon,0
2021-07-11,17.91,10.3,92.67,4.98,2021,7,Monsoon,0
2021-07-12,17.46,4.7,86.04,6.05,2021,7,Monsoon,0
2021-07-13,17.0,11.0,89.62,4.04,2021,7,Monsoon,0
2021-07-14,17.21,5.5,87.42,4.28,2021,7,Monsoon,0
2021-07-15,17.3,2.4,86.62,4.01,2021,7,Monsoon,0
2021-07-16,17.78,5.2,87.25,4.83,2021,7,Monsoon,0
2021-07-17,18.34,1.0,86.75,6.44,2021,7,Monsoon,0
2021-07-18,18.32,19.0,91.79,5.56,2021,7,Monsoon,0
2021-07-19,16.74,59.3,94.79,3.68,2021,7,Monsoon,0
2021-07-20,16.99,12.1,91.29,4.33,2021,7,Monsoon,0
2021-07-21,17.33,15.6,93.38,3.31,2021,7,Monsoon,0
2021-07-22,16.46,23.8,92.54,2.92,2021,7,Monsoon,0
2021-07-23,17.15,5.3,90.38,2.66,2021,7,Monsoon,0
2021-07-24,17.72,2.4,88.0,3.35,2021,7,Monsoon,0
2021-07-25,17.8,4.1,89.75,4.29,2021,7,Monsoon,0
2021-07-26,17.88,11.1,96.12,3.68,2021,7,Monsoon,0
2021-07-27,17.86,11.8,96.42,4.86,2021,7,Monsoon,0
2021-07-28,16.5,154.6,96.71,3.45,2021,7,Monsoon,0
2021-07-29,16.89,6.9,91.71,3.03,2021,7,Monsoon,0
2021-07-30,16.88,13.9,92.04,2.78,2021,7,Monsoon,0
2021-07-31,17.51,3.9,88.88,3.7,2021,7,Monsoon,0
2021-08-01,17.22,2.0,87.75,4.79,2021,8,Monsoon,0
2021-08-02,17.12,8.0,91.25,3.08,2021,8,Monsoon,0
2021-08-03,17.93,5.3,87.71,5.08,2021,8,Monsoon,0
2021-08-04,17.35,9.1,95.12,4.21,2021,8,Monsoon,0
2021-08-05,16.95,5.1,95.58,4.05,2021,8,Monsoon,0
2021-08-06,16.84,4.5,93.21,4.38,2021,8,Monsoon,0
2021-08-07,17.09,10.0,90.5,3.6,2021,8,Monsoon,0
2021-08-08,17.09,16.5,91.88,3.74,2021,8,Monsoon,0
2021-08-09,16.72,2.4,90.92,4.99,2021,8,Monsoon,0
2021-08-10,16.75,1.1,85.17,6.98,2021,8,Monsoon,0
2021-08-11,16.91,0.3,83.0,6.16,2021,8,Monsoon,0
2021-08-12,16.92,3.2,90.29,5.0,2021,8,Monsoon,0
2021-08-13,17.07,6.6,92.12,6.61,2021,8,Monsoon,0
2021-08-14,17.31,2.3,87.75,6.65,2021,8,Monsoon,0
2021-08-15,16.36,1.3,84.33,5.91,2021,8,Monsoon,0
2021-08-16,16.14,0.0,82.54,5.91,2021,8,Monsoon,0
2021-08-17,16.82,0.0,79.08,5.97,2021,8,Monsoon,0
2021-08-18,17.1,0.0,80.54,5.85,2021,8,Monsoon,0
2021-08-19,17.1,2.5,86.54,5.4,2021,8,Monsoon,0
2021-08-20,16.17,32.9,93.75,2.63,2021,8,Monsoon,0
2021-08-21,16.22,29.3,93.54,2.7,2021,8,Monsoon,0
2021-08-22,16.65,9.2,92.92,3.47,2021,8,Monsoon,0
2021-08-23,16.82,5.0,91.62,4.18,2021,8,Monsoon,0
2021-08-24,17.29,2.2,88.46,6.05,2021,8,Monsoon,0
2021-08-25,17.41,3.2,91.75,6.88,2021,8,Monsoon,0
2021-08-26,16.95,10.7,92.75,7.15,2021,8,Monsoon,0
2021-08-27,16.92,5.4,92.88,5.19,2021,8,Monsoon,0
2021-08-28,16.14,15.5,96.67,6.27,2021,8,Monsoon,0
2021-08-29,16.03,1.1,87.04,5.75,2021,8,Monsoon,0
2021-08-30,15.9,0.6,86.29,4.98,2021,8,Monsoon,0
2021-08-31,15.76,5.6,92.96,4.08,2021,8,Monsoon,0
2021-09-01,15.08,3.6,93.75,4.0,2021,9,Monsoon,0
2021-09-02,16.05,1.0,87.08,3.01,2021,9,Monsoon,0
2021-09-03,16.32,4.1,88.83,3.4,2021,9,Monsoon,0
2021-09-04,16.28,7.4,91.75,3.92,2021,9,Monsoon,0
2021-09-05,16.08,4.6,90.29,4.14,2021,9,Monsoon,0
2021-09-06,16.6,2.9,91.75,4.03,2021,9,Monsoon,0
2021-09-07,16.31,16.7,95.79,3.67,2021,9,Monsoon,0
2021-09-08,16.1,12.5,90.12,3.78,2021,9,Monsoon,0
2021-09-09,15.8,20.5,93.46,3.5,2021,9,Monsoon,0
2021-09-10,15.64,8.9,93.04,3.68,2021,9,Monsoon,0
2021-09-11,15.85,8.7,89.75,3.12,2021,9,Monsoon,0
2021-09-12,15.5,7.1,90.38,3.36,2021,9,Monsoon,0
2021-09-13,15.87,7.6,86.83,4.12,2021,9,Monsoon,0
2021-09-14,16.02,4.3,85.17,4.2,2021,9,Monsoon,0
2021-09-15,16.18,0.5,80.83,9.12,2021,9,Monsoon,0
2021-09-16,16.18,0.9,87.58,3.32,2021,9,Monsoon,0
2021-09-17,16.05,1.1,84.54,4.59,2021,9,Monsoon,0
2021-09-18,16.49,0.4,80.5,6.01,2021,9,Monsoon,0
2021-09-19,16.47,0.0,87.29,5.32,2021,9,Monsoon,0
2021-09-20,16.19,2.3,89.92,4.48,2021,9,Monsoon,0
2021-09-21,15.91,5.1,95.5,3.82,2021,9,Monsoon,0
2021-09-22,15.31,9.3,94.0,3.54,2021,9,Monsoon,0
2021-09-23,14.13,33.1,92.75,3.57,2021,9,Monsoon,0
2021-09-24,15.14,0.7,85.62,3.86,2021,9,Monsoon,0
2021-09-25,15.33,0.9,83.83,5.15,2021,9,Monsoon,0
2021-09-26,15.11,1.1,89.25,4.26,2021,9,Monsoon,0
2021-09-27,15.73,3.7,84.17,4.3,2021,9,Monsoon,0
2021-09-28,15.44,2.5,87.33,3.83,2021,9,Monsoon,0
2021-09-29,14.91,2.5,87.62,5.64,2021,9,Monsoon,0
2021-09-30,14.61,3.3,91.67,4.23,2021,9,Monsoon,0
2021-10-01,15.25,1.1,88.17,4.97,2021,10,Autumn,0
2021-10-02,14.79,0.5,86.21,5.79,2021,10,Autumn,0
2021-10-03,14.54,0.2,85.75,6.14,2021,10,Autumn,0
2021-10-04,14.31,0.0,83.71,4.31,2021,10,Autumn,0
2021-10-05,14.1,0.9,86.08,3.98,2021,10,Autumn,0
2021-10-06,13.49,0.0,80.96,5.6,2021,10,Autumn,0
2021-10-07,13.72,0.0,81.21,5.64,2021,10,Autumn,0
2021-10-08,13.49,0.0,84.12,5.51,2021,10,Autumn,0
2021-10-09,13.67,0.0,75.46,6.08,2021,10,Autumn,0
2021-10-10,13.86,0.0,66.08,4.97,2021,10,Autumn,0
2021-10-11,13.6,0.0,63.0,5.12,2021,10,Autumn,0
2021-10-12,13.54,0.0,57.21,4.35,2021,10,Autumn,0
2021-10-13,13.17,0.6,67.54,4.72,2021,10,Autumn,0
2021-10-14,14.32,0.0,62.42,5.06,2021,10,Autumn,0
2021-10-15,14.85,0.0,62.96,4.85,2021,10,Autumn,0
2021-10-16,14.91,0.0,60.96,5.72,2021,10,Autumn,0
2021-10-17,12.7,25.4,75.04,6.07,2021,10,Autumn,0
2021-10-18,10.77,48.1,83.25,5.29,2021,10,Autumn,0
2021-10-19,11.08,0.0,73.92,5.96,2021,10,Autumn,0
2021-10-20,11.84,0.0,76.33,6.27,2021,10,Autumn,0
2021-10-21,12.28,0.0,72.08,7.31,2021,10,Autumn,0
2021-10-22,12.13,0.0,67.21,5.9,2021,10,Autumn,0
2021-10-23,10.19,0.0,75.0,6.8,2021,10,Autumn,0
2021-10-24,9.14,10.0,78.62,5.9,2021,10,Autumn,0
2021-10-25,8.81,3.2,72.58,3.9,2021,10,Autumn,0
2021-10-26,8.13,1.6,73.92,3.78,2021,10,Autumn,0
2021-10-27,8.34,1.0,68.88,3.75,2021,10,Autumn,0
2021-10-28,8.62,0.0,67.08,4.9,2021,10,Autumn,0
2021-10-29,8.92,0.4,71.58,5.0,2021,10,Autumn,0
2021-10-30,9.06,0.0,64.21,6.75,2021,10,Autumn,0
2021-10-31,8.62,0.0,56.17,5.47,2021,10,Autumn,0
2021-11-01,7.24,0.0,56.75,4.72,2021,11,Autumn,0
2021-11-02,6.89,0.0,63.21,4.34,2021,11,Autumn,0
2021-11-03,7.05,0.3,59.04,4.32,2021,11,Autumn,0
2021-11-04,7.13,0.0,58.67,4.77,2021,11,Autumn,0
2021-11-05,7.19,0.0,66.04,5.17,2021,11,Autumn,0
2021-11-06,7.82,0.0,59.58,7.12,2021,11,Autumn,0
2021-11-07,7.71,0.0,60.12,6.11,2021,11,Autumn,0
2021-11-08,7.65,0.0,63.17,6.38,2021,11,Autumn,0
2021-11-09,7.85,0.0,59.38,5.15,2021,11,Autumn,0
2021-11-10,7.78,0.0,60.96,4.65,2021,11,Autumn,0
2021-11-11,7.38,0.0,59.5,4.63,2021,11,Autumn,0
2021-11-12,7.2,0.0,62.62,4.73,2021,11,Autumn,0
2021-11-13,7.22,0.0,66.33,4.45,2021,11,Autumn,0
2021-11-14,6.75,0.0,67.46,4.59,2021,11,Autumn,0
2021-11-15,5.18,0.0,77.67,5.0,2021,11,Autumn,0
2021-11-16,5.75,0.0,69.75,4.51,2021,11,Autumn,0
2021-11-17,6.24,0.0,67.71,4.52,2021,11,Autumn,0
2021-11-18,6.98,0.0,75.0,3.6,2021,11,Autumn,0
2021-11-19,7.18,0.0,78.75,3.65,2021,11,Autumn,0
2021-11-20,7.2,0.0,62.0,3.75,2021,11,Autumn,0
2021-11-21,7.4,0.0,65.92,4.56,2021,11,Autumn,0
2021-11-22,6.48,0.0,59.92,6.25,2021,11,Autumn,0
2021-11-23,6.66,0.0,59.42,5.38,2021,11,Autumn,0
2021-11-24,5.77,0.0,60.21,4.43,2021,11,Autumn,0
2021-11-25,5.51,0.0,65.75,4.36,2021,11,Autumn,0
2021-11-26,5.66,0.0,64.54,4.32,2021,11,Autumn,0
2021-11-27,5.24,0.0,70.79,3.8,2021,11,Autumn,0
2021-11-28,4.85,0.0,76.54,3.58,2021,11,Autumn,0
2021-11-29,5.41,0.0,66.71,4.91,2021,11,Autumn,0
2021-11-30,5.94,0.0,57.42,4.18,2021,11,Autumn,0
2021-12-01,5.67,0.0,70.5,2.84,2021,12,Winter,0
2021-12-02,7.81,0.0,69.04,3.01,2021,12,Winter,0
2021-12-03,7.18,8.2,74.75,4.84,2021,12,Winter,0
2021-12-04,6.8,0.0,80.0,3.9,2021,12,Winter,0
2021-12-05,5.3,6.5,84.92,6.1,2021,12,Winter,0
2021-12-06,3.35,3.5,83.96,4.28,2021,12,Winter,0
2021-12-07,3.15,0.0,73.83,4.22,2021,12,Winter,0
2021-12-08,4.65,0.0,68.08,3.78,2021,12,Winter,0
2021-12-09,3.92,0.5,77.58,4.11,2021,12,Winter,0
2021-12-10,3.55,0.0,71.46,4.46,2021,12,Winter,0
2021-12-11,2.92,0.0,49.79,4.08,2021,12,Winter,0
2021-12-12,3.98,0.0,67.29,3.32,2021,12,Winter,0
2021-12-13,2.8,0.0,80.21,3.53,2021,12,Winter,0
2021-12-14,1.52,0.0,83.04,4.33,2021,12,Winter,0
2021-12-15,1.1,0.0,69.5,4.39,2021,12,Winter,0
2021-12-16,0.2,2.4,69.96,6.11,2021,12,Winter,0
2021-12-17,-0.99,2.0,76.04,5.72,2021,12,Winter,1
2021-12-18,-1.37,0.0,70.04,5.89,2021,12,Winter,1
2021-12-19,0.73,0.0,49.83,4.57,2021,12,Winter,0
2021-12-20,1.88,0.0,50.21,4.5,2021,12,Winter,0
2021-12-21,2.22,0.0,61.5,3.87,2021,12,Winter,0
2021-12-22,2.41,0.0,65.71,3.9,2021,12,Winter,0
2021-12-23,3.92,0.0,68.83,3.76,2021,12,Winter,0
2021-12-24,2.55,2.2,72.79,4.08,2021,12,Winter,0
2021-12-25,1.43,0.0,73.88,4.11,2021,12,Winter,0
2021-12-26,0.68,0.8,66.38,4.59,2021,12,Winter,0
2021-12-27,0.5,0.3,71.54,4.15,2021,12,Winter,0
2021-12-28,0.38,1.0,70.33,4.12,2021,12,Winter,0
2021-12-29,-0.4,0.3,75.21,5.11,2021,12,Winter,1
2021-12-30,0.16,0.0,77.0,3.81,2021,12,Winter,0
2021-12-31,1.18,0.0,64.12,3.9,2021,12,Winter,0
2022-01-01,2.35,0.0,65.79,3.6,2022,1,Winter,0
2022-01-02,3.27,0.0,65.67,3.3,2022,1,Winter,0
2022-01-03,3.83,0.0,57.5,4.32,2022,1,Winter,0
2022-01-04,3.74,5.4,71.12,5.57,2022,1,Winter,0
2022-01-05,2.9,16.0,86.04,6.82,2022,1,Winter,0
2022-01-06,2.15,11.5,84.33,6.25,2022,1,Winter,0
2022-01-07,2.78,2.1,78.42,10.42,2022,1,Winter,0
2022-01-08,2.95,20.9,80.92,11.29,2022,1,Winter,0
2022-01-09,0.18,44.4,91.5,4.78,2022,1,Winter,0
2022-01-10,-1.31,16.0,80.71,5.32,2022,1,Winter,1
2022-01-11,-2.51,2.0,78.0,3.7,2022,1,Winter,1
2022-01-12,-1.03,0.7,82.54,5.64,2022,1,Winter,1
2022-01-13,-1.3,0.0,68.08,4.82,2022,1,Winter,1
2022-01-14,-0.34,0.0,61.88,4.22,2022,1,Winter,1
2022-01-15,0.77,0.0,49.46,4.18,2022,1,Winter,0
2022-01-16,3.07,0.0,43.46,4.21,2022,1,Winter,0
2022-01-17,3.83,0.1,51.75,3.5,2022,1,Winter,0
2022-01-18,3.72,0.0,60.5,4.33,2022,1,Winter,0
2022-01-19,3.4,1.5,69.62,3.42,2022,1,Winter,0
2022-01-20,2.1,6.7,89.54,4.89,2022,1,Winter,0
2022-01-21,0.3,1.0,85.0,6.12,2022,1,Winter,0
2022-01-22,0.4,11.9,82.08,8.99,2022,1,Winter,0
2022-01-23,-1.15,35.9,96.08,7.5,2022,1,Winter,1
2022-01-24,-1.83,9.1,89.38,3.12,2022,1,Winter,1
2022-01-25,-3.36,0.3,88.08,3.4,2022,1,Winter,1
2022-01-26,-2.2,0.2,89.46,3.25,2022,1,Winter,1
2022-01-27,-2.88,0.0,86.5,6.01,2022,1,Winter,1
2022-01-28,-1.07,0.0,78.08,6.22,2022,1,Winter,1
2022-01-29,2.71,0.0,60.21,5.23,2022,1,Winter,0
2022-01-30,3.09,0.0,52.08,7.82,2022,1,Winter,0
2022-01-31,2.29,0.3,61.92,4.62,2022,1,Winter,0
2022-02-01,0.51,0.0,68.83,7.35,2022,2,Winter,0
2022-02-02,2.48,2.3,63.17,4.51,2022,2,Winter,0
2022-02-03,-0.06,17.9,90.0,5.38,2022,2,Winter,1
2022-02-04,-2.41,13.7,95.67,2.87,2022,2,Winter,1
2022-02-05,-3.66,0.0,86.67,3.37,2022,2,Winter,1
2022-02-06,-0.23,0.0,74.5,3.97,2022,2,Winter,1
2022-02-07,2.29,2.2,62.88,4.85,2022,2,Winter,0
2022-02-08,2.16,0.0,64.67,4.8,2022,2,Winter,0
2022-02-09,1.42,0.8,72.25,4.8,2022,2,Winter,0
2022-02-10,1.32,0.0,67.42,7.91,2022,2,Winter,0
2022-02-11,1.46,0.0,69.46,7.22,2022,2,Winter,0
2022-02-12,3.7,0.0,54.21,5.82,2022,2,Winter,0
2022-02-13,3.09,0.0,61.04,4.95,2022,2,Winter,0
2022-02-14,3.22,0.0,72.83,5.14,2022,2,Winter,0
2022-02-15,2.82,0.1,74.29,5.49,2022,2,Winter,0
2022-02-16,3.07,0.4,63.17,6.4,2022,2,Winter,0
2022-02-17,3.01,0.0,54.96,6.52,2022,2,Winter,0
2022-02-18,3.14,0.0,50.42,7.32,2022,2,Winter,0
2022-02-19,3.14,0.0,63.79,7.4,2022,2,Winter,0
2022-02-20,2.78,0.0,67.67,10.95,2022,2,Winter,0
2022-02-21,2.73,0.0,64.88,5.06,2022,2,Winter,0
2022-02-22,7.58,4.2,45.33,8.11,2022,2,Winter,0
2022-02-23,5.26,18.3,72.0,11.15,2022,2,Winter,0
2022-02-24,2.94,15.6,83.54,6.27,2022,2,Winter,0
2022-02-25,3.29,0.2,69.5,6.27,2022,2,Winter,0
2022-02-26,2.65,9.7,74.83,9.1,2022,2,Winter,0
2022-02-27,2.74,2.3,76.12,4.65,2022,2,Winter,0
2022-02-28,4.27,0.2,62.04,5.24,2022,2,Winter,0
2022-03-01,4.83,1.1,65.42,4.58,2022,3,Spring,0
2022-03-02,5.55,0.1,66.33,4.48,2022,3,Spring,0
2022-03-03,4.84,5.4,70.58,6.59,2022,3,Spring,0
2022-03-04,5.64,0.2,68.92,5.11,2022,3,Spring,0
2022-03-05,6.3,0.0,64.08,6.18,2022,3,Spring,0
2022-03-06,8.27,0.0,61.42,4.22,2022,3,Spring,0
2022-03-07,8.58,0.0,62.42,4.08,2022,3,Spring,0
2022-03-08,8.58,0.0,56.96,5.0,2022,3,Spring,0
2022-03-09,8.45,0.0,50.79,6.22,2022,3,Spring,0
2022-03-10,8.72,0.0,60.08,5.59,2022,3,Spring,0
2022-03-11,9.25,0.0,61.21,6.35,2022,3,Spring,0
2022-03-12,9.6,0.0,56.71,6.73,2022,3,Spring,0
2022-03-13,10.72,0.0,63.5,6.53,2022,3,Spring,0
2022-03-14,11.47,0.0,68.25,5.3,2022,3,Spring,0
2022-03-15,13.02,0.0,65.12,8.37,2022,3,Spring,0
2022-03-16,13.62,0.0,54.83,9.31,2022,3,Spring,0
2022-03-17,14.42,0.0,61.71,7.12,2022,3,Spring,0
2022-03-18,14.15,0.2,77.79,4.97,2022,3,Spring,0
2022-03-19,13.68,3.1,73.25,4.25,2022,3,Spring,0
2022-03-20,13.2,0.0,54.0,5.76,2022,3,Spring,0
2022-03-21,13.36,0.0,43.96,8.72,2022,3,Spring,0
2022-03-22,14.09,0.0,42.83,9.97,2022,3,Spring,0
2022-03-23,14.09,0.0,38.42,7.83,2022,3,Spring,0
2022-03-24,11.79,0.1,44.71,5.96,2022,3,Spring,0
2022-03-25,11.42,0.0,42.42,9.89,2022,3,Spring,0
2022-03-26,13.03,0.0,40.83,9.9,2022,3,Spring,0
2022-03-27,14.53,0.0,36.29,11.2,2022,3,Spring,0
2022-03-28,15.11,0.0,36.33,9.79,2022,3,Spring,0
2022-03-29,16.3,0.0,33.5,9.4,2022,3,Spring,0
2022-03-30,15.19,0.0,33.08,7.84,2022,3,Spring,0
2022-03-31,15.69,0.0,28.25,8.9,2022,3,Spring,0
2022-04-01,15.52,0.0,36.79,7.39,2022,4,Spring,0
2022-04-02,14.64,0.0,38.71,6.27,2022,4,Spring,0
2022-04-03,15.56,0.0,24.75,8.52,2022,4,Spring,0
2022-04-04,14.92,0.0,26.42,9.52,2022,4,Spring,0
2022-04-05,15.3,0.0,34.25,8.48,2022,4,Spring,0
2022-04-06,15.69,0.0,36.17,9.06,2022,4,Spring,0
2022-04-07,16.24,0.0,35.33,9.92,2022,4,Spring,0
2022-04-08,16.79,0.0,32.96,9.73,2022,4,Spring,0
2022-04-09,16.79,0.1,33.71,9.8,2022,4,Spring,0
2022-04-10,16.82,0.0,31.46,8.68,2022,4,Spring,0
2022-04-11,18.32,0.0,31.92,10.1,2022,4,Spring,0
2022-04-12,17.97,0.0,32.62,7.22,2022,4,Spring,0
2022-04-13,16.18,2.9,41.29,8.31,2022,4,Spring,0
2022-04-14,15.12,1.2,38.38,7.92,2022,4,Spring,0
2022-04-15,13.14,0.8,47.0,6.18,2022,4,Spring,0
2022-04-16,13.62,0.6,46.83,6.54,2022,4,Spring,0
2022-04-17,15.41,0.0,39.46,7.35,2022,4,Spring,0
2022-04-18,16.99,0.0,36.96,8.31,2022,4,Spring,0
2022-04-19,17.31,0.2,36.71,8.84,2022,4,Spring,0
2022-04-20,17.28,0.0,36.75,9.23,2022,4,Spring,0
2022-04-21,14.45,2.4,47.83,7.87,2022,4,Spring,0
2022-04-22,13.24,1.1,54.46,6.8,2022,4,Spring,0
2022-04-23,14.43,0.1,39.96,9.5,2022,4,Spring,0
2022-04-24,15.7,0.0,35.42,9.87,2022,4,Spring,0
2022-04-25,16.91,0.1,33.88,10.77,2022,4,Spring,0
2022-04-26,16.38,0.0,34.04,9.4,2022,4,Spring,0
2022-04-27,17.6,0.0,35.62,9.05,2022,4,Spring,0
2022-04-28,19.31,0.0,31.67,10.28,2022,4,Spring,0
2022-04-29,18.81,0.0,32.29,11.04,2022,4,Spring,0
2022-04-30,18.58,0.0,35.88,9.63,2022,4,Spring,0
2022-05-01,17.53,0.0,41.25,8.18,2022,5,Spring,0
2022-05-02,17.13,0.0,50.75,6.88,2022,5,Spring,0
2022-05-03,16.12,4.4,62.42,5.24,2022,5,Spring,0
2022-05-04,14.93,7.4,64.38,5.9,2022,5,Spring,0
2022-05-05,15.69,0.3,52.79,7.69,2022,5,Spring,0
2022-05-06,16.77,0.9,44.62,8.55,2022,5,Spring,0
2022-05-07,15.94,2.4,50.96,8.18,2022,5,Spring,0
2022-05-08,16.72,1.2,52.25,7.24,2022,5,Spring,0
2022-05-09,16.68,1.5,57.08,7.26,2022,5,Spring,0
2022-05-10,16.43,2.9,64.62,6.42,2022,5,Spring,0
2022-05-11,18.01,0.5,61.88,7.77,2022,5,Spring,0
2022-05-12,18.82,0.3,54.25,8.94,2022,5,Spring,0
2022-05-13,19.32,0.6,41.12,10.65,2022,5,Spring,0
2022-05-14,21.05,0.0,30.17,9.43,2022,5,Spring,0
2022-05-15,20.87,0.0,32.12,8.5,2022,5,Spring,0
2022-05-16,20.01,0.0,35.92,8.35,2022,5,Spring,0
2022-05-17,18.15,0.6,45.0,8.51,2022,5,Spring,0
2022-05-18,18.1,0.7,44.58,8.37,2022,5,Spring,0
2022-05-19,18.8,0.0,44.21,9.07,2022,5,Spring,0
2022-05-20,19.4,0.0,36.04,8.16,2022,5,Spring,0
2022-05-21,18.41,0.0,34.17,6.96,2022,5,Spring,0
2022-05-22,16.0,4.5,50.04,7.02,2022,5,Spring,0
2022-05-23,13.89,2.7,63.12,7.48,2022,5,Spring,0
2022-05-24,11.68,19.6,76.67,5.54,2022,5,Spring,0
2022-05-25,13.46,0.5,65.33,5.85,2022,5,Spring,0
2022-05-26,14.48,1.2,70.46,6.45,2022,5,Spring,0
2022-05-27,15.99,2.9,71.79,7.84,2022,5,Spring,0
2022-05-28,17.04,5.6,71.29,7.18,2022,5,Spring,0
2022-05-29,17.45,0.7,63.75,6.1,2022,5,Spring,0
2022-05-30,17.63,1.9,54.88,4.82,2022,5,Spring,0
2022-05-31,17.93,0.0,47.38,7.7,2022,5,Spring,0
2022-06-01,19.16,0.0,34.21,9.99,2022,6,Monsoon,0
2022-06-02,19.76,0.0,27.96,10.03,2022,6,Monsoon,0
2022-06-03,20.02,0.0,26.88,9.16,2022,6,Monsoon,0
2022-06-04,20.53,0.0,28.25,9.33,2022,6,Monsoon,0
2022-06-05,21.08,0.0,28.25,8.22,2022,6,Monsoon,0
2022-06-06,20.76,0.0,31.96,7.84,2022,6,Monsoon,0
2022-06-07,22.43,0.0,28.46,8.38,2022,6,Monsoon,0
2022-06-08,21.91,0.0,30.08,9.41,2022,6,Monsoon,0
2022-06-09,21.16,0.1,32.38,8.13,2022,6,Monsoon,0
2022-06-10,21.31,0.0,32.5,9.66,2022,6,Monsoon,0
2022-06-11,21.6,0.0,33.67,9.65,2022,6,Monsoon,0
2022-06-12,21.05,0.3,39.38,6.64,2022,6,Monsoon,0
2022-06-13,20.68,0.2,41.92,10.44,2022,6,Monsoon,0
2022-06-14,21.86,0.0,36.5,10.8,2022,6,Monsoon,0
2022-06-15,22.27,0.0,40.12,9.07,2022,6,Monsoon,0
2022-06-16,18.16,6.4,63.92,7.05,2022,6,Monsoon,0
2022-06-17,16.16,5.2,79.83,6.04,2022,6,Monsoon,0
2022-06-18,14.88,7.3,76.96,4.76,2022,6,Monsoon,0
2022-06-19,15.78,0.4,68.71,4.67,2022,6,Monsoon,0
2022-06-20,14.58,1.0,71.04,4.43,2022,6,Monsoon,0
2022-06-21,14.55,2.4,70.62,5.68,2022,6,Monsoon,0
2022-06-22,15.72,2.7,72.92,4.81,2022,6,Monsoon,0
2022-06-23,17.28,0.0,67.0,6.91,2022,6,Monsoon,0
2022-06-24,17.57,0.5,66.0,6.12,2022,6,Monsoon,0
2022-06-25,17.95,2.4,70.46,5.02,2022,6,Monsoon,0
2022-06-26,18.18,2.9,79.92,5.44,2022,6,Monsoon,0
2022-06-27,18.49,2.5,84.5,6.53,2022,6,Monsoon,0
2022-06-28,18.71,3.2,86.83,7.65,2022,6,Monsoon,0
2022-06-29,18.26,4.5,88.08,5.19,2022,6,Monsoon,0
2022-06-30,16.74,44.5,92.21,4.61,2022,6,Monsoon,0
2022-07-01,16.81,9.7,90.12,3.26,2022,7,Monsoon,0
2022-07-02,17.05,30.7,92.83,3.46,2022,7,Monsoon,0
2022-07-03,17.44,3.7,88.75,3.36,2022,7,Monsoon,0
2022-07-04,18.12,5.9,87.67,4.3,2022,7,Monsoon,0
2022-07-05,18.74,5.3,86.88,4.55,2022,7,Monsoon,0
2022-07-06,18.71,11.3,85.62,4.24,2022,7,Monsoon,0
2022-07-07,18.28,4.1,86.75,4.95,2022,7,Monsoon,0
2022-07-08,18.24,9.1,87.83,4.53,2022,7,Monsoon,0
2022-07-09,17.51,8.2,90.33,5.02,2022,7,Monsoon,0
2022-07-10,17.14,3.8,87.88,3.98,2022,7,Monsoon,0
2022-07-11,17.46,5.8,88.88,4.82,2022,7,Monsoon,0
2022-07-12,17.48,3.9,88.12,4.97,2022,7,Monsoon,0
2022-07-13,17.1,16.9,90.5,4.29,2022,7,Monsoon,0
2022-07-14,17.56,1.8,83.25,5.14,2022,7,Monsoon,0
2022-07-15,17.8,6.1,79.79,4.63,2022,7,Monsoon,0
2022-07-16,18.27,3.8,77.33,4.5,2022,7,Monsoon,0
2022-07-17,17.95,6.3,89.46,4.12,2022,7,Monsoon,0
2022-07-18,18.76,0.6,81.46,5.96,2022,7,Monsoon,0
2022-07-19,18.02,1.6,86.88,6.37,2022,7,Monsoon,0
2022-07-20,17.45,8.1,90.25,6.08,2022,7,Monsoon,0
2022-07-21,16.86,4.3,89.21,3.26,2022,7,Monsoon,0
2022-07-22,16.79,2.4,90.67,3.44,2022,7,Monsoon,0
2022-07-23,16.88,7.7,91.0,3.44,2022,7,Monsoon,0
2022-07-24,17.69,6.8,85.96,3.71,2022,7,Monsoon,0
2022-07-25,17.22,7.6,88.67,3.75,2022,7,Monsoon,0
2022-07-26,16.96,18.3,90.54,3.72,2022,7,Monsoon,0
2022-07-27,16.61,26.4,91.42,3.12,2022,7,Monsoon,0
2022-07-28,16.62,9.3,91.12,3.74,2022,7,Monsoon,0
2022-07-29,16.52,8.5,92.75,3.36,2022,7,Monsoon,0
2022-07-30,16.0,3.9,93.38,3.7,2022,7,Monsoon,0
2022-07-31,15.75,3.8,92.12,4.52,2022,7,Monsoon,0
2022-08-01,15.87,14.9,94.38,3.91,2022,8,Monsoon,0
2022-08-02,16.85,0.2,87.08,5.93,2022,8,Monsoon,0
2022-08-03,16.99,0.6,87.08,5.43,2022,8,Monsoon,0
2022-08-04,16.47,5.5,92.08,3.15,2022,8,Monsoon,0
2022-08-05,16.62,16.1,91.0,3.55,2022,8,Monsoon,0
2022-08-06,16.89,5.0,89.88,4.09,2022,8,Monsoon,0
2022-08-07,16.72,10.3,91.42,3.89,2022,8,Monsoon,0
2022-08-08,18.2,4.7,84.21,4.18,2022,8,Monsoon,0
2022-08-09,18.35,2.4,84.92,4.8,2022,8,Monsoon,0
2022-08-10,18.74,0.0,79.21,6.18,2022,8,Monsoon,0
2022-08-11,17.01,15.6,85.71,4.43,2022,8,Monsoon,0
2022-08-12,18.18,0.0,73.71,6.4,2022,8,Monsoon,0
2022-08-13,18.09,0.2,85.71,5.6,2022,8,Monsoon,0
2022-08-14,17.32,7.6,90.33,3.99,2022,8,Monsoon,0
2022-08-15,16.36,6.0,85.42,5.21,2022,8,Monsoon,0
2022-08-16,17.36,3.7,81.54,5.34,2022,8,Monsoon,0
2022-08-17,16.92,4.7,88.33,3.6,2022,8,Monsoon,0
2022-08-18,16.82,4.2,90.79,4.8,2022,8,Monsoon,0
2022-08-19,17.0,4.5,94.08,7.52,2022,8,Monsoon,0
2022-08-20,15.63,15.4,96.21,4.79,2022,8,Monsoon,0
2022-08-21,16.81,14.6,85.38,4.3,2022,8,Monsoon,0
2022-08-22,16.5,3.0,87.12,4.26,2022,8,Monsoon,0
2022-08-23,17.48,3.9,84.92,3.82,2022,8,Monsoon,0
2022-08-24,16.47,4.3,89.79,3.31,2022,8,Monsoon,0
2022-08-25,16.75,1.9,85.25,3.65,2022,8,Monsoon,0
2022-08-26,16.45,2.5,89.21,4.11,2022,8,Monsoon,0
2022-08-27,17.33,2.8,88.62,6.81,2022,8,Monsoon,0
2022-08-28,16.86,3.4,91.92,5.3,2022,8,Monsoon,0
2022-08-29,16.05,5.1,92.42,3.72,2022,8,Monsoon,0
2022-08-30,16.28,3.6,90.08,5.28,2022,8,Monsoon,0
2022-08-31,16.53,0.9,88.29,5.92,2022,8,Monsoon,0
2022-09-01,16.61,1.8,87.42,4.98,2022,9,Monsoon,0
2022-09-02,15.76,2.3,89.67,5.86,2022,9,Monsoon,0
2022-09-03,16.23,7.0,86.46,6.54,2022,9,Monsoon,0
2022-09-04,15.47,2.1,87.58,5.35,2022,9,Monsoon,0
2022-09-05,15.22,0.3,84.42,5.42,2022,9,Monsoon,0
2022-09-06,14.85,1.3,86.04,4.83,2022,9,Monsoon,0
2022-09-07,15.5,0.6,82.25,4.74,2022,9,Monsoon,0
2022-09-08,15.64,0.8,84.92,4.87,2022,9,Monsoon,0
2022-09-09,15.47,2.8,89.71,4.3,2022,9,Monsoon,0
2022-09-10,15.24,1.4,92.46,4.95,2022,9,Monsoon,0
2022-09-11,15.63,2.2,87.46,4.77,2022,9,Monsoon,0
2022-09-12,15.14,4.4,86.75,5.08,2022,9,Monsoon,0
2022-09-13,15.72,6.1,84.46,5.81,2022,9,Monsoon,0
2022-09-14,15.83,6.3,87.0,4.42,2022,9,Monsoon,0
2022-09-15,15.4,14.3,91.75,4.75,2022,9,Monsoon,0
2022-09-16,14.95,2.4,88.71,4.55,2022,9,Monsoon,0
2022-09-17,15.19,0.9,84.88,4.45,2022,9,Monsoon,0
2022-09-18,14.59,0.0,82.29,6.33,2022,9,Monsoon,0
2022-09-19,15.2,7.4,86.25,3.92,2022,9,Monsoon,0
2022-09-20,15.68,6.4,85.67,3.76,2022,9,Monsoon,0
2022-09-21,16.01,2.3,86.5,3.43,2022,9,Monsoon,0
2022-09-22,14.94,13.5,89.96,4.2,2022,9,Monsoon,0
2022-09-23,14.99,10.5,88.83,3.93,2022,9,Monsoon,0
2022-09-24,14.62,29.4,90.58,4.07,2022,9,Monsoon,0
2022-09-25,14.16,50.4,89.12,7.15,2022,9,Monsoon,0
2022-09-26,13.5,2.3,87.5,5.3,2022,9,Monsoon,0
2022-09-27,12.99,1.1,87.33,4.77,2022,9,Monsoon,0
2022-09-28,13.29,0.9,87.88,4.0,2022,9,Monsoon,0
2022-09-29,14.23,0.0,83.08,5.15,2022,9,Monsoon,0
2022-09-30,13.39,0.0,82.0,5.07,2022,9,Monsoon,0
2022-10-01,13.77,0.2,81.0,4.82,2022,10,Autumn,0
2022-10-02,13.72,0.0,78.79,6.17,2022,10,Autumn,0
2022-10-03,14.29,1.2,74.21,4.63,2022,10,Autumn,0
2022-10-04,14.63,0.0,75.0,4.44,2022,10,Autumn,0
2022-10-05,13.77,0.7,77.5,4.78,2022,10,Autumn,0
2022-10-06,12.92,0.8,85.58,3.6,2022,10,Autumn,0
2022-10-07,12.53,0.4,87.67,3.85,2022,10,Autumn,0
2022-10-08,12.57,2.8,85.96,3.79,2022,10,Autumn,0
2022-10-09,12.68,0.6,83.88,3.71,2022,10,Autumn,0
2022-10-10,12.21,1.6,87.67,3.57,2022,10,Autumn,0
2022-10-11,10.16,27.2,91.62,4.4,2022,10,Autumn,0
2022-10-12,9.93,2.0,80.58,3.93,2022,10,Autumn,0
2022-10-13,10.58,0.5,74.62,4.57,2022,10,Autumn,0
2022-10-14,10.86,1.0,73.58,4.79,2022,10,Autumn,0
2022-10-15,10.88,0.0,75.54,5.76,2022,10,Autumn,0
2022-10-16,11.32,0.0,79.21,5.61,2022,10,Autumn,0
2022-10-17,11.81,0.2,77.04,5.82,2022,10,Autumn,0
2022-10-18,10.3,0.0,71.29,6.55,2022,10,Autumn,0
2022-10-19,9.55,0.1,65.5,5.72,2022,10,Autumn,0
2022-10-20,9.02,3.9,64.58,4.74,2022,10,Autumn,0
2022-10-21,9.8,0.1,56.0,6.05,2022,10,Autumn,0
2022-10-22,9.38,0.0,64.54,4.93,2022,10,Autumn,0
2022-10-23,10.05,0.1,68.29,4.98,2022,10,Autumn,0
2022-10-24,10.44,0.0,67.71,4.41,2022,10,Autumn,0
2022-10-25,9.66,0.0,70.29,6.55,2022,10,Autumn,0
2022-10-26,9.99,0.0,65.62,5.71,2022,10,Autumn,0
2022-10-27,9.86,0.0,63.08,7.03,2022,10,Autumn,0
2022-10-28,9.56,0.0,69.79,6.62,2022,10,Autumn,0
2022-10-29,9.32,0.0,71.79,5.98,2022,10,Autumn,0
2022-10-30,9.49,0.0,74.0,6.41,2022,10,Autumn,0
2022-10-31,9.41,0.0,70.08,4.98,2022,10,Autumn,0
2022-11-01,10.16,0.1,64.21,5.47,2022,11,Autumn,0
2022-11-02,9.8,0.0,59.88,7.35,2022,11,Autumn,0
2022-11-03,10.12,0.0,59.92,6.07,2022,11,Autumn,0
2022-11-04,10.11,0.0,64.88,5.24,2022,11,Autumn,0
2022-11-05,10.02,0.0,71.38,4.61,2022,11,Autumn,0
2022-11-06,10.68,0.0,56.21,5.2,2022,11,Autumn,0
2022-11-07,9.83,0.3,50.88,4.47,2022,11,Autumn,0
2022-11-08,8.74,0.0,59.58,5.7,2022,11,Autumn,0
2022-11-09,7.3,16.4,79.21,6.39,2022,11,Autumn,0
2022-11-10,6.49,2.7,72.42,6.25,2022,11,Autumn,0
2022-11-11,6.15,0.0,65.75,6.99,2022,11,Autumn,0
2022-11-12,5.96,0.0,57.38,6.45,2022,11,Autumn,0
2022-11-13,6.1,0.0,51.0,5.87,2022,11,Autumn,0
2022-11-14,6.42,10.8,65.58,6.74,2022,11,Autumn,0
2022-11-15,6.02,0.0,74.42,3.6,2022,11,Autumn,0
2022-11-16,5.24,0.8,79.25,4.98,2022,11,Autumn,0
2022-11-17,4.77,0.0,79.88,5.13,2022,11,Autumn,0
2022-11-18,5.42,0.0,74.83,4.36,2022,11,Autumn,0
2022-11-19,6.02,0.0,79.46,3.68,2022,11,Autumn,0
2022-11-20,7.0,0.3,76.0,4.12,2022,11,Autumn,0
2022-11-21,6.79,0.0,68.5,4.35,2022,11,Autumn,0
2022-11-22,6.32,0.0,68.54,3.77,2022,11,Autumn,0
2022-11-23,6.52,0.0,66.54,4.83,2022,11,Autumn,0
2022-11-24,6.54,0.0,55.38,4.58,2022,11,Autumn,0
2022-11-25,6.97,0.0,57.46,4.04,2022,11,Autumn,0
2022-11-26,7.64,0.0,55.21,4.04,2022,11,Autumn,0
2022-11-27,6.35,0.0,61.29,4.0,2022,11,Autumn,0
2022-11-28,6.12,0.0,68.67,3.71,2022,11,Autumn,0
2022-11-29,6.19,0.0,72.75,4.42,2022,11,Autumn,0
2022-11-30,6.1,0.0,68.29,3.72,2022,11,Autumn,0
2022-12-01,6.42,0.0,66.71,4.42,2022,12,Winter,0
2022-12-02,7.76,0.0,68.25,2.8,2022,12,Winter,0
2022-12-03,6.41,0.0,80.58,3.55,2022,12,Winter,0
2022-12-04,6.13,0.0,75.08,3.73,2022,12,Winter,0
2022-12-05,5.01,0.0,73.62,3.61,2022,12,Winter,0
2022-12-06,4.77,0.0,60.33,5.7,2022,12,Winter,0
2022-12-07,5.1,0.0,58.62,6.32,2022,12,Winter,0
2022-12-08,5.12,0.0,52.42,4.65,2022,12,Winter,0
2022-12-09,6.25,0.0,51.83,5.12,2022,12,Winter,0
2022-12-10,5.59,0.0,60.79,4.15,2022,12,Winter,0
2022-12-11,5.86,0.0,52.42,4.81,2022,12,Winter,0
2022-12-12,5.68,0.0,49.5,3.55,2022,12,Winter,0
2022-12-13,5.42,0.0,52.75,5.47,2022,12,Winter,0
2022-12-14,5.42,0.0,55.38,4.55,2022,12,Winter,0
2022-12-15,5.45,0.0,50.58,5.4,2022,12,Winter,0
2022-12-16,6.0,0.0,51.54,5.0,2022,12,Winter,0
2022-12-17,5.34,0.0,53.58,5.29,2022,12,Winter,0
2022-12-18,5.54,0.0,57.38,3.94,2022,12,Winter,0
2022-12-19,3.75,0.0,66.79,3.92,2022,12,Winter,0
2022-12-20,3.38,0.0,62.54,3.93,2022,12,Winter,0
2022-12-21,2.27,0.0,59.58,4.18,2022,12,Winter,0
2022-12-22,1.78,0.0,60.92,3.57,2022,12,Winter,0
2022-12-23,1.16,0.0,64.17,4.2,2022,12,Winter,0
2022-12-24,1.17,0.9,69.29,5.02,2022,12,Winter,0
2022-12-25,2.02,0.0,67.5,4.12,2022,12,Winter,0
2022-12-26,3.19,0.0,58.88,3.58,2022,12,Winter,0
2022-12-27,3.28,0.0,49.88,4.89,2022,12,Winter,0
2022-12-28,4.48,0.0,43.96,6.85,2022,12,Winter,0
2022-12-29,3.26,7.4,56.38,5.72,2022,12,Winter,0
2022-12-30,2.72,1.5,80.08,5.03,2022,12,Winter,0
2022-12-31,1.39,0.0,72.33,5.13,2022,12,Winter,0
2023-01-01,1.13,0.0,71.92,3.5,2023,1,Winter,0
2023-01-02,0.62,0.1,81.79,4.12,2023,1,Winter,0
2023-01-03,-0.23,0.2,79.75,3.52,2023,1,Winter,1
2023-01-04,0.55,0.0,59.12,4.46,2023,1,Winter,0
2023-01-05,1.3,0.0,46.96,4.05,2023,1,Winter,0
2023-01-06,2.85,0.0,40.54,4.09,2023,1,Winter,0
2023-01-07,5.78,0.6,36.71,4.62,2023,1,Winter,0
2023-01-08,6.88,0.0,49.42,5.68,2023,1,Winter,0
2023-01-09,6.88,0.0,54.21,4.1,2023,1,Winter,0
2023-01-10,5.07,0.0,61.83,3.92,2023,1,Winter,0
2023-01-11,3.92,5.4,63.92,4.68,2023,1,Winter,0
2023-01-12,2.74,4.3,70.67,7.99,2023,1,Winter,0
2023-01-13,1.79,12.2,77.25,8.69,2023,1,Winter,0
2023-01-14,0.11,8.0,83.5,5.69,2023,1,Winter,0
2023-01-15,0.11,0.0,83.42,4.92,2023,1,Winter,0
2023-01-16,-0.47,0.0,81.88,4.49,2023,1,Winter,1
2023-01-17,-0.83,0.1,79.58,4.62,2023,1,Winter,1
2023-01-18,0.72,0.0,71.75,3.53,2023,1,Winter,0
2023-01-19,3.22,0.0,70.0,4.38,2023,1,Winter,0
2023-01-20,0.52,7.1,85.42,7.48,2023,1,Winter,0
2023-01-21,0.92,2.7,75.08,5.88,2023,1,Winter,0
2023-01-22,1.3,1.4,76.04,4.56,2023,1,Winter,0
2023-01-23,1.98,0.0,70.83,4.71,2023,1,Winter,0
2023-01-24,2.58,15.0,76.62,7.75,2023,1,Winter,0
2023-01-25,3.3,17.2,84.17,9.44,2023,1,Winter,0
2023-01-26,2.57,0.1,80.25,6.59,2023,1,Winter,0
2023-01-27,4.1,0.0,54.5,3.87,2023,1,Winter,0
2023-01-28,5.47,0.0,39.42,4.43,2023,1,Winter,0
2023-01-29,4.23,6.6,53.42,9.15,2023,1,Winter,0
2023-01-30,3.18,6.4,79.58,8.95,2023,1,Winter,0
2023-01-31,2.11,1.8,77.38,4.02,2023,1,Winter,0
2023-02-01,4.07,0.0,51.5,5.43,2023,2,Winter,0
2023-02-02,4.87,0.0,40.38,5.92,2023,2,Winter,0
2023-02-03,5.71,0.0,54.29,5.26,2023,2,Winter,0
2023-02-04,5.75,0.0,63.33,7.06,2023,2,Winter,0
2023-02-05,4.32,0.0,72.29,6.77,2023,2,Winter,0
2023-02-06,3.23,5.6,74.54,7.08,2023,2,Winter,0
2023-02-07,3.5,0.0,67.79,6.62,2023,2,Winter,0
2023-02-08,3.95,0.0,61.38,5.46,2023,2,Winter,0
2023-02-09,5.4,4.8,55.12,7.31,2023,2,Winter,0
2023-02-10,4.7,24.4,75.92,10.52,2023,2,Winter,0
2023-02-11,3.1,3.4,78.75,7.12,2023,2,Winter,0
2023-02-12,-0.73,0.0,66.92,8.39,2023,2,Winter,1
2023-02-13,3.36,0.0,49.17,7.48,2023,2,Winter,0
2023-02-14,6.92,0.0,53.83,7.43,2023,2,Winter,0
2023-02-15,8.44,0.0,51.54,9.48,2023,2,Winter,0
2023-02-16,9.97,0.0,51.33,8.14,2023,2,Winter,0
2023-02-17,10.6,0.0,55.04,5.72,2023,2,Winter,0
2023-02-18,10.9,0.0,52.5,6.64,2023,2,Winter,0
2023-02-19,9.66,0.0,62.42,5.26,2023,2,Winter,0
2023-02-20,9.64,0.3,56.83,5.51,2023,2,Winter,0
2023-02-21,6.02,32.7,74.42,9.97,2023,2,Winter,0
2023-02-22,5.99,0.0,63.83,6.0,2023,2,Winter,0
2023-02-23,6.39,0.0,53.71,7.55,2023,2,Winter,0
2023-02-24,7.28,0.0,47.42,7.14,2023,2,Winter,0
2023-02-25,7.35,0.0,57.75,5.9,2023,2,Winter,0
2023-02-26,7.36,0.0,60.5,6.36,2023,2,Winter,0
2023-02-27,6.75,0.1,60.33,6.26,2023,2,Winter,0
2023-02-28,5.16,10.0,63.54,7.14,2023,2,Winter,0
2023-03-01,5.93,15.1,72.79,6.0,2023,3,Spring,0
2023-03-02,8.03,0.4,58.42,6.57,2023,3,Spring,0
2023-03-03,7.88,0.3,63.92,6.6,2023,3,Spring,0
2023-03-04,8.24,0.0,61.62,5.38,2023,3,Spring,0
2023-03-05,7.48,0.3,65.17,5.94,2023,3,Spring,0
2023-03-06,7.28,0.0,62.75,6.49,2023,3,Spring,0
2023-03-07,7.0,0.3,65.88,4.8,2023,3,Spring,0
2023-03-08,6.92,1.4,72.58,4.32,2023,3,Spring,0
2023-03-09,7.65,0.1,69.79,5.89,2023,3,Spring,0
2023-03-10,8.06,0.0,66.88,6.62,2023,3,Spring,0
2023-03-11,9.08,0.4,69.21,6.15,2023,3,Spring,0
2023-03-12,9.5,0.4,70.54,5.72,2023,3,Spring,0
2023-03-13,9.75,1.0,64.67,6.25,2023,3,Spring,0
2023-03-14,9.08,0.1,62.17,7.52,2023,3,Spring,0
2023-03-15,8.94,1.2,65.25,7.08,2023,3,Spring,0
2023-03-16,8.34,2.9,70.38,5.2,2023,3,Spring,0
2023-03-17,7.8,1.9,67.96,4.5,2023,3,Spring,0
2023-03-18,6.54,7.2,78.88,5.1,2023,3,Spring,0
2023-03-19,6.52,4.2,76.5,4.44,2023,3,Spring,0
2023-03-20,6.04,14.2,81.46,4.6,2023,3,Spring,0
2023-03-21,5.5,10.7,84.0,4.04,2023,3,Spring,0
2023-03-22,5.82,1.4,77.83,5.52,2023,3,Spring,0
2023-03-23,6.93,0.0,72.08,7.73,2023,3,Spring,0
2023-03-24,8.36,3.8,67.21,6.02,2023,3,Spring,0
2023-03-25,7.25,4.8,75.58,8.87,2023,3,Spring,0
2023-03-26,6.42,0.5,71.71,5.68,2023,3,Spring,0
2023-03-27,7.44,0.3,66.12,5.38,2023,3,Spring,0
2023-03-28,8.29,0.5,66.96,5.14,2023,3,Spring,0
2023-03-29,9.38,0.5,60.58,5.0,2023,3,Spring,0
2023-03-30,9.47,2.3,65.0,4.9,2023,3,Spring,0
2023-03-31,6.3,17.5,85.29,5.33,2023,3,Spring,0
2023-04-01,6.3,8.5,84.0,5.15,2023,4,Spring,0
2023-04-02,6.8,3.1,79.29,5.89,2023,4,Spring,0
2023-04-03,7.66,3.5,71.79,7.45,2023,4,Spring,0
2023-04-04,6.45,3.9,77.08,7.66,2023,4,Spring,0
2023-04-05,7.5,0.0,61.29,7.12,2023,4,Spring,0
2023-04-06,9.53,1.7,52.67,6.62,2023,4,Spring,0
2023-04-07,9.84,0.0,56.21,6.36,2023,4,Spring,0
2023-04-08,10.97,0.1,53.17,5.82,2023,4,Spring,0
2023-04-09,11.44,0.0,53.25,5.89,2023,4,Spring,0
2023-04-10,11.42,0.0,48.17,7.94,2023,4,Spring,0
2023-04-11,11.8,0.0,48.17,9.24,2023,4,Spring,0
2023-04-12,13.34,0.0,46.33,8.42,2023,4,Spring,0
2023-04-13,13.35,0.0,48.96,7.75,2023,4,Spring,0
2023-04-14,14.12,0.3,49.38,5.8,2023,4,Spring,0
2023-04-15,14.32,0.2,51.21,6.16,2023,4,Spring,0
2023-04-16,14.54,0.1,43.0,7.43,2023,4,Spring,0
2023-04-17,15.44,0.0,39.88,7.57,2023,4,Spring,0
2023-04-18,14.34,4.5,51.96,6.99,2023,4,Spring,0
2023-04-19,11.25,17.0,73.54,10.62,2023,4,Spring,0
2023-04-20,9.7,32.2,76.33,9.58,2023,4,Spring,0
2023-04-21,10.08,2.5,57.88,7.64,2023,4,Spring,0
2023-04-22,9.49,0.2,53.58,6.57,2023,4,Spring,0
2023-04-23,9.88,0.1,51.96,5.28,2023,4,Spring,0
2023-04-24,11.45,0.3,50.25,6.85,2023,4,Spring,0
2023-04-25,10.78,0.7,64.54,6.0,2023,4,Spring,0
2023-04-26,10.69,2.7,67.83,5.74,2023,4,Spring,0
2023-04-27,11.35,4.6,63.58,5.04,2023,4,Spring,0
2023-04-28,12.23,0.6,57.5,6.68,2023,4,Spring,0
2023-04-29,11.47,2.7,65.54,4.58,2023,4,Spring,0
2023-04-30,10.01,12.7,80.17,4.23,2023,4,Spring,0
2023-05-01,9.38,11.2,82.08,4.13,2023,5,Spring,0
2023-05-02,9.29,8.3,81.75,4.32,2023,5,Spring,0
2023-05-03,9.52,10.6,80.33,5.11,2023,5,Spring,0
2023-05-04,10.32,1.6,75.38,4.73,2023,5,Spring,0
2023-05-05,11.28,5.4,73.12,5.36,2023,5,Spring,0
2023-05-06,12.56,4.1,60.92,6.22,2023,5,Spring,0
2023-05-07,12.17,0.7,55.25,6.78,2023,5,Spring,0
2023-05-08,11.75,3.2,53.46,10.43,2023,5,Spring,0
2023-05-09,11.81,7.0,51.42,10.14,2023,5,Spring,0
2023-05-10,13.43,0.1,44.67,6.93,2023,5,Spring,0
2023-05-11,14.58,0.0,47.42,6.38,2023,5,Spring,0
2023-05-12,15.62,0.0,45.0,6.11,2023,5,Spring,0
2023-05-13,16.18,0.0,44.12,6.81,2023,5,Spring,0
2023-05-14,16.15,1.5,43.33,8.11,2023,5,Spring,0
2023-05-15,16.23,0.2,41.67,6.91,2023,5,Spring,0
2023-05-16,16.12,0.0,42.08,9.08,2023,5,Spring,0
2023-05-17,17.08,0.0,41.29,7.6,2023,5,Spring,0
2023-05-18,12.73,5.0,65.12,7.35,2023,5,Spring,0
2023-05-19,15.07,0.0,55.58,8.14,2023,5,Spring,0
2023-05-20,16.79,0.0,47.25,9.31,2023,5,Spring,0
2023-05-21,17.91,0.0,41.92,9.18,2023,5,Spring,0
2023-05-22,18.9,0.0,37.42,8.67,2023,5,Spring,0
2023-05-23,18.76,0.2,45.25,6.99,2023,5,Spring,0
2023-05-24,14.65,16.4,70.29,5.55,2023,5,Spring,0
2023-05-25,12.83,11.0,76.67,6.18,2023,5,Spring,0
2023-05-26,12.56,1.8,73.25,4.79,2023,5,Spring,0
2023-05-27,13.3,3.3,69.33,6.29,2023,5,Spring,0
2023-05-28,14.4,0.0,56.08,6.62,2023,5,Spring,0
2023-05-29,14.5,9.6,66.71,5.12,2023,5,Spring,0
2023-05-30,14.05,12.4,73.46,5.8,2023,5,Spring,0
2023-05-31,12.42,17.9,80.33,6.95,2023,5,Spring,0
2023-06-01,13.2,4.1,71.5,6.57,2023,6,Monsoon,0
2023-06-02,11.58,8.8,72.62,6.32,2023,6,Monsoon,0
2023-06-03,13.83,1.6,67.46,4.77,2023,6,Monsoon,0
2023-06-04,15.67,0.0,61.58,5.1,2023,6,Monsoon,0
2023-06-05,15.48,0.4,63.75,3.91,2023,6,Monsoon,0
2023-06-06,14.4,1.6,64.58,6.71,2023,6,Monsoon,0
2023-06-07,15.1,1.7,62.96,3.5,2023,6,Monsoon,0
2023-06-08,15.15,3.5,65.58,5.27,2023,6,Monsoon,0
2023-06-09,17.53,0.3,54.04,5.88,2023,6,Monsoon,0
2023-06-10,17.85,0.3,60.38,4.46,2023,6,Monsoon,0
2023-06-11,17.26,10.1,74.0,4.76,2023,6,Monsoon,0
2023-06-12,17.7,0.1,68.46,8.3,2023,6,Monsoon,0
2023-06-13,19.39,0.9,63.12,11.02,2023,6,Monsoon,0
2023-06-14,18.05,3.5,67.25,8.78,2023,6,Monsoon,0
2023-06-15,16.24,1.6,75.75,6.46,2023,6,Monsoon,0
2023-06-16,16.97,0.2,73.04,6.57,2023,6,Monsoon,0
2023-06-17,18.0,1.2,69.21,4.6,2023,6,Monsoon,0
2023-06-18,17.72,2.2,75.38,4.42,2023,6,Monsoon,0
2023-06-19,17.88,3.1,74.71,4.29,2023,6,Monsoon,0
2023-06-20,18.12,4.2,77.96,6.0,2023,6,Monsoon,0
2023-06-21,18.33,2.5,83.33,5.13,2023,6,Monsoon,0
2023-06-22,18.32,4.0,89.58,6.06,2023,6,Monsoon,0
2023-06-23,18.73,4.3,89.12,5.85,2023,6,Monsoon,0
2023-06-24,18.49,12.7,87.38,6.0,2023,6,Monsoon,0
2023-06-25,17.69,21.3,90.79,3.92,2023,6,Monsoon,0
2023-06-26,17.0,13.7,89.0,4.08,2023,6,Monsoon,0
2023-06-27,17.39,5.1,85.12,4.73,2023,6,Monsoon,0
2023-06-28,17.12,7.8,82.54,4.03,2023,6,Monsoon,0
2023-06-29,16.79,10.4,86.46,4.35,2023,6,Monsoon,0
2023-06-30,17.53,4.9,84.54,5.21,2023,6,Monsoon,0
2023-07-01,17.25,1.5,85.71,5.54,2023,7,Monsoon,0
2023-07-02,17.42,0.0,84.25,6.85,2023,7,Monsoon,0
2023-07-03,17.82,1.0,83.92,6.73,2023,7,Monsoon,0
2023-07-04,17.66,10.9,85.58,4.92,2023,7,Monsoon,0
2023-07-05,16.92,6.9,87.54,4.63,2023,7,Monsoon,0
2023-07-06,17.2,7.1,81.96,3.77,2023,7,Monsoon,0
2023-07-07,17.07,9.3,84.96,3.55,2023,7,Monsoon,0
2023-07-08,16.12,25.9,93.08,3.73,2023,7,Monsoon,0
2023-07-09,15.97,59.6,92.29,3.79,2023,7,Monsoon,0
2023-07-10,16.78,24.1,91.54,3.78,2023,7,Monsoon,0
2023-07-11,17.06,6.9,88.0,3.39,2023,7,Monsoon,0
2023-07-12,17.2,19.2,86.67,3.68,2023,7,Monsoon,0
2023-07-13,17.15,14.2,87.29,3.58,2023,7,Monsoon,0
2023-07-14,17.26,4.5,89.17,3.98,2023,7,Monsoon,0
2023-07-15,17.72,11.0,90.25,3.7,2023,7,Monsoon,0
2023-07-16,17.61,16.4,90.42,3.28,2023,7,Monsoon,0
2023-07-17,17.7,4.8,89.5,3.78,2023,7,Monsoon,0
2023-07-18,17.35,8.5,92.25,3.7,2023,7,Monsoon,0
2023-07-19,17.61,5.0,89.17,3.3,2023,7,Monsoon,0
2023-07-20,18.27,5.9,85.96,4.6,2023,7,Monsoon,0
2023-07-21,18.53,11.9,86.79,4.2,2023,7,Monsoon,0
2023-07-22,17.33,8.6,88.42,4.0,2023,7,Monsoon,0
2023-07-23,17.55,2.6,85.42,5.19,2023,7,Monsoon,0
2023-07-24,17.52,3.1,87.08,5.15,2023,7,Monsoon,0
2023-07-25,17.88,2.3,88.21,5.95,2023,7,Monsoon,0
2023-07-26,17.07,3.2,92.25,3.3,2023,7,Monsoon,0
2023-07-27,17.1,18.5,89.62,3.46,2023,7,Monsoon,0
2023-07-28,16.25,19.5,94.42,2.33,2023,7,Monsoon,0
2023-07-29,16.5,26.5,88.67,3.41,2023,7,Monsoon,0
2023-07-30,16.6,7.5,89.29,4.59,2023,7,Monsoon,0
2023-07-31,16.92,2.8,88.42,5.0,2023,7,Monsoon,0
2023-08-01,17.76,0.1,87.58,6.55,2023,8,Monsoon,0
2023-08-02,17.95,2.7,90.21,4.95,2023,8,Monsoon,0
2023-08-03,18.0,1.5,88.29,5.28,2023,8,Monsoon,0
2023-08-04,17.56,8.0,90.46,3.9,2023,8,Monsoon,0
2023-08-05,17.61,2.5,89.54,5.8,2023,8,Monsoon,0
2023-08-06,17.68,0.9,87.67,7.3,2023,8,Monsoon,0
2023-08-07,17.19,2.9,90.21,7.3,2023,8,Monsoon,0
2023-08-08,17.41,1.4,88.04,8.05,2023,8,Monsoon,0
2023-08-09,17.92,0.8,85.25,5.77,2023,8,Monsoon,0
2023-08-10,17.37,6.5,93.38,3.9,2023,8,Monsoon,0
2023-08-11,17.4,5.0,92.79,4.98,2023,8,Monsoon,0
2023-08-12,17.25,9.9,94.62,8.63,2023,8,Monsoon,0
2023-08-13,16.95,21.6,95.33,8.15,2023,8,Monsoon,0
2023-08-14,16.11,51.0,96.71,3.95,2023,8,Monsoon,0
2023-08-15,16.85,1.2,89.88,5.81,2023,8,Monsoon,0
2023-08-16,17.04,0.9,88.5,6.75,2023,8,Monsoon,0
2023-08-17,17.07,2.1,90.04,6.82,2023,8,Monsoon,0
2023-08-18,17.59,4.4,86.62,3.72,2023,8,Monsoon,0
2023-08-19,17.53,12.9,88.5,3.92,2023,8,Monsoon,0
2023-08-20,17.89,3.2,89.62,4.84,2023,8,Monsoon,0
2023-08-21,18.48,2.2,89.38,6.99,2023,8,Monsoon,0
2023-08-22,17.85,7.4,93.71,7.69,2023,8,Monsoon,0
2023-08-23,17.01,34.3,94.42,4.25,2023,8,Monsoon,0
2023-08-24,16.64,10.1,92.54,5.45,2023,8,Monsoon,0
2023-08-25,16.73,2.0,88.12,5.68,2023,8,Monsoon,0
2023-08-26,15.97,2.3,88.33,6.14,2023,8,Monsoon,0
2023-08-27,15.4,0.9,85.71,7.08,2023,8,Monsoon,0
2023-08-28,15.17,0.9,84.29,6.36,2023,8,Monsoon,0
2023-08-29,15.34,0.0,79.67,6.39,2023,8,Monsoon,0
2023-08-30,15.86,0.0,82.96,5.65,2023,8,Monsoon,0
2023-08-31,16.53,1.3,85.96,5.17,2023,8,Monsoon,0
2023-09-01,16.85,3.3,89.79,8.08,2023,9,Monsoon,0
2023-09-02,17.08,1.9,91.08,9.05,2023,9,Monsoon,0
2023-09-03,17.08,2.5,90.17,5.84,2023,9,Monsoon,0
2023-09-04,16.85,1.2,83.71,5.43,2023,9,Monsoon,0
2023-09-05,16.56,0.3,77.54,4.71,2023,9,Monsoon,0
2023-09-06,16.75,1.7,74.25,3.8,2023,9,Monsoon,0
2023-09-07,17.43,0.5,69.25,5.5,2023,9,Monsoon,0
2023-09-08,16.55,8.1,81.96,4.32,2023,9,Monsoon,0
2023-09-09,15.95,5.6,88.71,4.62,2023,9,Monsoon,0
2023-09-10,15.56,3.5,89.83,3.94,2023,9,Monsoon,0
2023-09-11,16.37,1.0,88.33,4.15,2023,9,Monsoon,0
2023-09-12,16.72,1.9,89.04,4.33,2023,9,Monsoon,0
2023-09-13,17.1,5.0,90.96,4.09,2023,9,Monsoon,0
2023-09-14,16.96,4.3,89.5,3.79,2023,9,Monsoon,0
2023-09-15,16.45,4.2,89.29,3.71,2023,9,Monsoon,0
2023-09-16,16.54,8.5,86.75,3.03,2023,9,Monsoon,0
2023-09-17,16.02,7.7,88.04,2.84,2023,9,Monsoon,0
2023-09-18,15.95,10.7,86.96,2.8,2023,9,Monsoon,0
2023-09-19,15.67,6.9,87.96,3.56,2023,9,Monsoon,0
2023-09-20,16.16,1.9,86.79,5.42,2023,9,Monsoon,0
2023-09-21,15.38,1.2,86.79,6.16,2023,9,Monsoon,0
2023-09-22,15.52,0.0,81.75,6.09,2023,9,Monsoon,0
2023-09-23,14.79,0.1,79.08,5.42,2023,9,Monsoon,0
2023-09-24,14.23,0.0,79.67,5.9,2023,9,Monsoon,0
2023-09-25,13.92,0.8,80.25,5.31,2023,9,Monsoon,0
2023-09-26,14.14,0.0,76.25,5.82,2023,9,Monsoon,0
2023-09-27,14.26,0.0,74.83,5.05,2023,9,Monsoon,0
2023-09-28,14.4,0.1,75.12,4.44,2023,9,Monsoon,0
2023-09-29,14.88,0.6,74.33,3.49,2023,9,Monsoon,0
2023-09-30,14.42,0.5,73.58,5.1,2023,9,Monsoon,0
2023-10-01,14.32,3.1,81.38,3.74,2023,10,Autumn,0
2023-10-02,13.77,0.2,77.75,5.11,2023,10,Autumn,0
2023-10-03,13.74,0.8,76.04,4.61,2023,10,Autumn,0
2023-10-04,14.21,0.1,72.17,6.44,2023,10,Autumn,0
2023-10-05,13.9,0.0,64.88,6.71,2023,10,Autumn,0
2023-10-06,13.84,0.0,67.75,6.33,2023,10,Autumn,0
2023-10-07,14.82,0.0,67.88,5.7,2023,10,Autumn,0
2023-10-08,14.82,0.0,68.29,6.65,2023,10,Autumn,0
2023-10-09,13.99,0.2,67.67,5.51,2023,10,Autumn,0
2023-10-10,13.81,0.9,59.79,7.21,2023,10,Autumn,0
2023-10-11,12.78,0.0,56.75,6.38,2023,10,Autumn,0
2023-10-12,12.43,0.0,65.96,5.4,2023,10,Autumn,0
2023-10-13,12.58,0.0,68.5,5.74,2023,10,Autumn,0
2023-10-14,12.07,0.0,65.88,5.58,2023,10,Autumn,0
2023-10-15,10.51,3.9,75.0,4.49,2023,10,Autumn,0
2023-10-16,8.19,12.2,77.38,8.55,2023,10,Autumn,0
2023-10-17,7.68,5.8,73.5,5.11,2023,10,Autumn,0
2023-10-18,8.5,0.7,69.33,4.6,2023,10,Autumn,0
2023-10-19,9.17,0.2,68.75,4.43,2023,10,Autumn,0
2023-10-20,9.62,1.2,68.08,4.59,2023,10,Autumn,0
2023-10-21,9.49,0.4,67.67,5.14,2023,10,Autumn,0
2023-10-22,9.18,0.3,71.08,4.69,2023,10,Autumn,0
2023-10-23,9.68,0.5,63.33,4.63,2023,10,Autumn,0
2023-10-24,9.55,0.8,55.75,3.92,2023,10,Autumn,0
2023-10-25,9.88,0.1,57.21,4.59,2023,10,Autumn,0
2023-10-26,10.26,0.0,56.08,6.61,2023,10,Autumn,0
2023-10-27,10.24,0.0,58.71,5.95,2023,10,Autumn,0
2023-10-28,10.03,0.0,61.46,5.42,2023,10,Autumn,0
2023-10-29,10.26,0.0,59.33,5.15,2023,10,Autumn,0
2023-10-30,9.88,0.0,62.88,5.25,2023,10,Autumn,0
2023-10-31,10.38,0.0,63.83,4.55,2023,10,Autumn,0
2023-11-01,10.33,0.2,65.04,3.65,2023,11,Autumn,0
2023-11-02,10.55,0.5,62.46,4.12,2023,11,Autumn,0
2023-11-03,9.12,0.6,69.54,4.91,2023,11,Autumn,0
2023-11-04,8.65,0.0,63.83,5.79,2023,11,Autumn,0
2023-11-05,9.36,0.0,60.08,5.97,2023,11,Autumn,0
2023-11-06,8.51,0.0,62.38,4.95,2023,11,Autumn,0
2023-11-07,8.58,0.0,62.0,5.38,2023,11,Autumn,0
2023-11-08,9.2,0.0,58.83,6.47,2023,11,Autumn,0
2023-11-09,8.47,0.3,68.0,4.45,2023,11,Autumn,0
2023-11-10,6.69,7.7,81.04,5.46,2023,11,Autumn,0
2023-11-11,6.63,0.0,80.5,4.7,2023,11,Autumn,0
2023-11-12,7.23,0.0,72.21,4.38,2023,11,Autumn,0
2023-11-13,8.24,0.0,77.12,4.09,2023,11,Autumn,0
2023-11-14,7.6,0.0,80.92,4.25,2023,11,Autumn,0
2023-11-15,8.41,0.0,69.62,4.45,2023,11,Autumn,0
2023-11-16,8.22,0.0,72.75,3.75,2023,11,Autumn,0
2023-11-17,8.48,0.0,72.0,4.31,2023,11,Autumn,0
2023-11-18,8.07,0.0,66.96,4.18,2023,11,Autumn,0
2023-11-19,8.2,0.1,76.21,3.78,2023,11,Autumn,0
2023-11-20,6.94,0.0,83.54,4.05,2023,11,Autumn,0
2023-11-21,7.23,0.0,67.12,5.16,2023,11,Autumn,0
2023-11-22,7.5,0.0,65.5,4.9,2023,11,Autumn,0
2023-11-23,6.7,0.0,75.58,4.89,2023,11,Autumn,0
2023-11-24,6.59,0.5,78.08,4.02,2023,11,Autumn,0
2023-11-25,7.4,0.0,65.54,4.18,2023,11,Autumn,0
2023-11-26,7.45,0.0,69.54,3.8,2023,11,Autumn,0
2023-11-27,7.19,0.3,73.62,3.63,2023,11,Autumn,0
2023-11-28,6.06,0.0,67.25,4.81,2023,11,Autumn,0
2023-11-29,6.02,0.6,65.5,3.54,2023,11,Autumn,0
2023-11-30,4.87,7.1,80.58,6.3,2023,11,Autumn,0
2023-12-01,5.05,0.1,74.58,3.21,2023,12,Winter,0
2023-12-02,5.22,2.2,72.04,3.34,2023,12,Winter,0
2023-12-03,4.97,0.3,75.75,3.84,2023,12,Winter,0
2023-12-04,3.31,7.0,80.62,4.39,2023,12,Winter,0
2023-12-05,4.21,0.0,73.79,4.02,2023,12,Winter,0
2023-12-06,5.78,0.3,61.67,4.23,2023,12,Winter,0
2023-12-07,5.45,0.0,62.17,4.97,2023,12,Winter,0
2023-12-08,4.24,0.0,57.29,4.76,2023,12,Winter,0
2023-12-09,3.4,0.0,57.46,5.46,2023,12,Winter,0
2023-12-10,5.45,0.0,40.92,5.99,2023,12,Winter,0
2023-12-11,2.85,0.0,57.54,4.08,2023,12,Winter,0
2023-12-12,1.89,0.0,61.5,4.46,2023,12,Winter,0
2023-12-13,1.88,0.0,57.25,4.2,2023,12,Winter,0
2023-12-14,4.48,0.0,45.38,6.1,2023,12,Winter,0
2023-12-15,5.49,0.0,49.08,3.42,2023,12,Winter,0
2023-12-16,4.23,0.0,57.21,3.91,2023,12,Winter,0
2023-12-17,2.15,0.0,58.0,4.82,2023,12,Winter,0
2023-12-18,2.58,0.0,56.83,5.25,2023,12,Winter,0
2023-12-19,4.24,0.0,44.46,5.8,2023,12,Winter,0
2023-12-20,8.0,0.0,35.5,4.86,2023,12,Winter,0
2023-12-21,6.5,0.0,44.54,4.4,2023,12,Winter,0
2023-12-22,7.33,0.0,48.12,3.34,2023,12,Winter,0
2023-12-23,6.51,0.5,62.62,4.55,2023,12,Winter,0
2023-12-24,5.12,0.0,64.62,4.78,2023,12,Winter,0
2023-12-25,8.35,0.0,41.17,5.21,2023,12,Winter,0
2023-12-26,8.13,0.0,44.25,4.56,2023,12,Winter,0
2023-12-27,6.51,0.0,52.25,4.18,2023,12,Winter,0
2023-12-28,4.84,0.0,68.17,4.3,2023,12,Winter,0
2023-12-29,4.31,0.0,76.62,3.91,2023,12,Winter,0
2023-12-30,3.74,0.0,76.46,3.5,2023,12,Winter,0
2023-12-31,4.0,0.0,73.83,3.61,2023,12,Winter,0
2024-01-01,3.38,0.0,73.58,4.1,2024,1,Winter,0
2024-01-02,2.93,0.0,73.21,3.95,2024,1,Winter,0
2024-01-03,2.62,0.0,71.62,3.85,2024,1,Winter,0
2024-01-04,2.53,0.0,71.0,3.93,2024,1,Winter,0
2024-01-05,2.55,0.0,70.5,3.9,2024,1,Winter,0
2024-01-06,3.11,0.0,65.29,3.9,2024,1,Winter,0
2024-01-07,2.92,0.0,64.62,4.16,2024,1,Winter,0
2024-01-08,3.01,0.0,67.08,4.27,2024,1,Winter,0
2024-01-09,2.25,0.8,60.71,4.92,2024,1,Winter,0
2024-01-10,2.9,0.0,54.38,5.71,2024,1,Winter,0
2024-01-11,4.11,0.0,47.88,5.07,2024,1,Winter,0
2024-01-12,6.47,0.0,39.46,5.92,2024,1,Winter,0
2024-01-13,7.62,0.0,43.12,3.3,2024,1,Winter,0
2024-01-14,5.97,0.0,47.92,3.63,2024,1,Winter,0
2024-01-15,4.41,0.0,48.92,4.36,2024,1,Winter,0
2024-01-16,3.91,0.0,60.08,4.05,2024,1,Winter,0
2024-01-17,2.3,0.6,80.21,4.32,2024,1,Winter,0
2024-01-18,2.07,0.0,77.38,5.19,2024,1,Winter,0
2024-01-19,1.9,0.0,71.17,5.15,2024,1,Winter,0
2024-01-20,1.98,0.0,63.12,4.95,2024,1,Winter,0
2024-01-21,2.2,0.0,61.67,5.54,2024,1,Winter,0
2024-01-22,2.73,0.0,57.12,4.24,2024,1,Winter,0
2024-01-23,0.97,0.0,52.17,4.71,2024,1,Winter,0
2024-01-24,1.72,0.0,58.42,3.82,2024,1,Winter,0
2024-01-25,1.58,0.0,59.71,4.07,2024,1,Winter,0
2024-01-26,2.86,3.8,56.62,5.5,2024,1,Winter,0
2024-01-27,3.01,0.0,54.25,7.83,2024,1,Winter,0
2024-01-28,5.62,0.0,52.46,4.01,2024,1,Winter,0
2024-01-29,3.61,0.0,65.67,4.94,2024,1,Winter,0
2024-01-30,4.02,0.0,67.33,5.72,2024,1,Winter,0
2024-01-31,2.18,13.6,83.29,7.4,2024,1,Winter,0
2024-02-01,1.62,11.2,80.88,11.69,2024,2,Winter,0
2024-02-02,-0.7,0.0,69.54,6.42,2024,2,Winter,1
2024-02-03,2.0,4.5,52.67,3.82,2024,2,Winter,0
2024-02-04,1.01,30.6,88.33,8.33,2024,2,Winter,0
2024-02-05,-0.55,1.5,89.71,4.92,2024,2,Winter,1
2024-02-06,-1.38,2.0,80.62,4.51,2024,2,Winter,1
2024-02-07,-1.08,0.0,67.46,5.41,2024,2,Winter,1
2024-02-08,0.4,0.0,55.0,7.54,2024,2,Winter,0
2024-02-09,2.79,0.0,50.83,4.44,2024,2,Winter,0
2024-02-10,3.74,0.0,61.62,4.48,2024,2,Winter,0
2024-02-11,3.54,0.2,62.12,4.35,2024,2,Winter,0
2024-02-12,4.3,0.0,62.38,3.9,2024,2,Winter,0
2024-02-13,5.36,0.4,65.88,3.51,2024,2,Winter,0
2024-02-14,4.84,0.0,60.88,5.31,2024,2,Winter,0
2024-02-15,4.71,0.0,57.46,5.31,2024,2,Winter,0
2024-02-16,5.72,0.0,60.96,5.06,2024,2,Winter,0
2024-02-17,6.17,0.0,63.83,6.48,2024,2,Winter,0
2024-02-18,7.22,0.0,57.33,3.54,2024,2,Winter,0
2024-02-19,7.54,24.4,59.08,15.33,2024,2,Winter,0
2024-02-20,4.62,15.9,72.54,12.47,2024,2,Winter,0
2024-02-21,1.46,2.5,73.5,7.09,2024,2,Winter,0
2024-02-22,1.03,0.4,55.88,6.43,2024,2,Winter,0
2024-02-23,1.15,0.2,56.58,5.37,2024,2,Winter,0
2024-02-24,-0.2,4.1,65.88,5.57,2024,2,Winter,1
2024-02-25,0.57,0.0,61.96,5.9,2024,2,Winter,0
2024-02-26,3.75,0.0,50.46,4.84,2024,2,Winter,0
2024-02-27,3.95,2.5,69.92,3.08,2024,2,Winter,0
2024-02-28,3.47,0.0,73.92,7.18,2024,2,Winter,0
2024-02-29,5.85,0.0,63.62,6.3,2024,2,Winter,0
2024-03-01,5.65,7.1,74.54,7.53,2024,3,Spring,0
2024-03-02,5.18,36.1,80.0,14.07,2024,3,Spring,0
2024-03-03,3.74,11.6,81.75,10.95,2024,3,Spring,0
2024-03-04,1.69,1.1,78.38,5.89,2024,3,Spring,0
2024-03-05,3.27,0.0,73.58,4.18,2024,3,Spring,0
2024-03-06,4.5,0.2,70.54,3.1,2024,3,Spring,0
2024-03-07,3.84,0.9,69.04,3.05,2024,3,Spring,0
2024-03-08,4.57,1.1,68.58,5.08,2024,3,Spring,0
2024-03-09,6.3,0.0,65.62,5.95,2024,3,Spring,0
2024-03-10,8.05,0.0,55.25,4.84,2024,3,Spring,0
2024-03-11,7.51,4.1,72.92,4.19,2024,3,Spring,0
2024-03-12,6.95,1.7,71.83,4.55,2024,3,Spring,0
2024-03-13,5.65,12.7,72.0,7.5,2024,3,Spring,0
2024-03-14,5.71,2.7,67.29,7.1,2024,3,Spring,0
2024-03-15,7.4,0.0,55.0,5.97,2024,3,Spring,0
2024-03-16,8.25,0.3,56.38,5.29,2024,3,Spring,0
2024-03-17,8.66,0.5,54.75,5.4,2024,3,Spring,0
2024-03-18,8.84,2.4,52.92,4.28,2024,3,Spring,0
2024-03-19,8.14,2.2,53.96,4.41,2024,3,Spring,0
2024-03-20,9.87,0.0,45.04,5.96,2024,3,Spring,0
2024-03-21,9.1,2.5,70.62,6.41,2024,3,Spring,0
2024-03-22,9.99,5.2,67.17,7.03,2024,3,Spring,0
2024-03-23,10.68,0.0,50.33,9.21,2024,3,Spring,0
2024-03-24,8.69,1.6,62.04,5.42,2024,3,Spring,0
2024-03-25,10.46,0.0,56.79,8.1,2024,3,Spring,0
2024-03-26,11.3,0.0,54.79,8.02,2024,3,Spring,0
2024-03-27,13.29,0.0,52.58,8.17,2024,3,Spring,0
2024-03-28,13.98,0.0,45.12,7.61,2024,3,Spring,0
2024-03-29,13.81,2.3,39.5,5.45,2024,3,Spring,0
2024-03-30,9.48,30.5,71.58,9.45,2024,3,Spring,0
2024-03-31,10.14,2.5,55.58,6.93,2024,3,Spring,0
2024-04-01,10.01,0.0,62.25,5.62,2024,4,Spring,0
2024-04-02,10.75,0.0,62.08,6.23,2024,4,Spring,0
2024-04-03,11.6,0.0,45.21,6.25,2024,4,Spring,0
2024-04-04,12.6,0.1,36.58,6.85,2024,4,Spring,0
2024-04-05,11.71,0.8,40.96,7.69,2024,4,Spring,0
2024-04-06,11.75,0.0,38.62,7.71,2024,4,Spring,0
2024-04-07,11.16,0.3,45.21,6.51,2024,4,Spring,0
2024-04-08,12.19,0.0,34.75,7.6,2024,4,Spring,0
2024-04-09,12.32,0.1,37.67,5.7,2024,4,Spring,0
2024-04-10,12.76,0.0,39.12,5.43,2024,4,Spring,0
2024-04-11,11.7,2.2,46.71,8.54,2024,4,Spring,0
2024-04-12,13.91,0.0,37.58,7.92,2024,4,Spring,0
2024-04-13,14.36,0.0,39.04,5.79,2024,4,Spring,0
2024-04-14,11.96,9.1,68.79,6.8,2024,4,Spring,0
2024-04-15,12.79,6.8,63.5,5.63,2024,4,Spring,0
2024-04-16,13.03,4.9,64.33,7.46,2024,4,Spring,0
2024-04-17,13.38,0.0,56.33,8.93,2024,4,Spring,0
2024-04-18,13.32,1.3,56.33,6.76,2024,4,Spring,0
2024-04-19,12.88,8.1,61.88,8.98,2024,4,Spring,0
2024-04-20,12.02,3.5,60.04,6.5,2024,4,Spring,0
2024-04-21,13.04,0.0,56.08,5.97,2024,4,Spring,0
2024-04-22,12.08,6.5,56.71,5.27,2024,4,Spring,0
2024-04-23,11.55,2.2,57.21,5.79,2024,4,Spring,0
2024-04-24,11.75,1.9,56.42,5.01,2024,4,Spring,0
2024-04-25,13.79,0.0,45.5,8.2,2024,4,Spring,0
2024-04-26,15.35,0.1,39.62,7.81,2024,4,Spring,0
2024-04-27,11.44,12.5,65.5,8.04,2024,4,Spring,0
2024-04-28,13.25,1.1,49.25,5.08,2024,4,Spring,0
2024-04-29,10.7,5.6,65.67,8.18,2024,4,Spring,0
2024-04-30,12.29,0.0,53.0,7.68,2024,4,Spring,0
2024-05-01,9.66,0.7,53.75,7.5,2024,5,Spring,0
2024-05-02,12.48,0.0,45.38,6.79,2024,5,Spring,0
2024-05-03,14.83,0.1,51.0,7.44,2024,5,Spring,0
2024-05-04,17.32,1.0,37.83,9.48,2024,5,Spring,0
2024-05-05,16.51,0.0,36.58,9.37,2024,5,Spring,0
2024-05-06,17.07,3.8,41.25,5.05,2024,5,Spring,0
2024-05-07,17.42,0.2,39.5,7.07,2024,5,Spring,0
2024-05-08,17.54,0.0,43.08,8.08,2024,5,Spring,0
2024-05-09,16.92,1.0,51.88,8.53,2024,5,Spring,0
2024-05-10,17.62,0.0,48.21,8.75,2024,5,Spring,0
2024-05-11,17.0,0.7,56.42,7.47,2024,5,Spring,0
2024-05-12,14.4,3.9,64.67,5.32,2024,5,Spring,0
2024-05-13,16.4,0.0,36.67,9.44,2024,5,Spring,0
2024-05-14,17.83,0.0,30.21,7.88,2024,5,Spring,0
2024-05-15,18.69,0.0,29.67,8.2,2024,5,Spring,0
2024-05-16,19.24,0.0,32.83,8.82,2024,5,Spring,0
2024-05-17,20.64,0.0,30.42,10.23,2024,5,Spring,0
2024-05-18,20.64,0.0,31.04,10.72,2024,5,Spring,0
2024-05-19,21.8,0.0,28.33,10.79,2024,5,Spring,0
2024-05-20,21.14,0.9,30.38,7.84,2024,5,Spring,0
2024-05-21,20.08,0.0,35.54,9.56,2024,5,Spring,0
2024-05-22,20.2,0.2,43.58,7.71,2024,5,Spring,0
2024-05-23,18.88,2.2,58.33,6.96,2024,5,Spring,0
2024-05-24,19.27,2.5,57.5,8.27,2024,5,Spring,0
2024-05-25,21.18,0.1,38.58,11.12,2024,5,Spring,0
2024-05-26,22.16,0.0,28.75,10.05,2024,5,Spring,0
2024-05-27,23.01,0.0,23.0,9.88,2024,5,Spring,0
2024-05-28,22.1,0.0,21.67,10.31,2024,5,Spring,0
2024-05-29,22.39,0.0,17.92,9.39,2024,5,Spring,0
2024-05-30,22.49,0.0,19.25,9.6,2024,5,Spring,0
2024-05-31,21.27,0.0,21.96,9.92,2024,5,Spring,0
2024-06-01,21.56,0.0,20.71,10.39,2024,6,Monsoon,0
2024-06-02,20.05,0.1,34.54,10.45,2024,6,Monsoon,0
2024-06-03,20.98,0.1,29.83,10.61,2024,6,Monsoon,0
2024-06-04,20.68,0.1,32.71,11.29,2024,6,Monsoon,0
2024-06-05,19.46,0.9,41.21,8.67,2024,6,Monsoon,0
2024-06-06,18.32,0.0,45.21,9.47,2024,6,Monsoon,0
2024-06-07,19.34,0.0,40.5,11.03,2024,6,Monsoon,0
2024-06-08,19.62,0.0,37.58,8.28,2024,6,Monsoon,0
2024-06-09,19.82,0.0,35.0,8.76,2024,6,Monsoon,0
2024-06-10,21.06,0.0,28.08,8.84,2024,6,Monsoon,0
2024-06-11,21.76,0.0,25.83,8.61,2024,6,Monsoon,0
2024-06-12,22.31,0.0,24.42,10.17,2024,6,Monsoon,0
2024-06-13,22.69,0.0,26.83,10.82,2024,6,Monsoon,0
2024-06-14,22.52,0.0,28.92,10.17,2024,6,Monsoon,0
2024-06-15,23.14,0.0,29.54,10.43,2024,6,Monsoon,0
2024-06-16,23.53,0.0,33.46,10.88,2024,6,Monsoon,0
2024-06-17,24.46,0.0,30.75,11.5,2024,6,Monsoon,0
2024-06-18,24.09,0.1,34.33,12.98,2024,6,Monsoon,0
2024-06-19,22.58,0.4,37.71,10.59,2024,6,Monsoon,0
2024-06-20,19.35,1.4,53.79,6.98,2024,6,Monsoon,0
2024-06-21,18.56,5.9,60.83,4.24,2024,6,Monsoon,0
2024-06-22,19.08,2.4,62.04,5.05,2024,6,Monsoon,0
2024-06-23,19.65,8.7,66.42,4.65,2024,6,Monsoon,0
2024-06-24,19.52,8.2,73.54,5.0,2024,6,Monsoon,0
2024-06-25,19.62,4.5,75.96,4.98,2024,6,Monsoon,0
2024-06-26,19.64,12.8,79.88,4.96,2024,6,Monsoon,0
2024-06-27,18.17,16.1,86.83,4.11,2024,6,Monsoon,0
2024-06-28,18.32,20.4,85.38,5.02,2024,6,Monsoon,0
2024-06-29,18.15,10.2,86.67,4.33,2024,6,Monsoon,0
2024-06-30,18.6,1.7,85.88,6.08,2024,6,Monsoon,0
2024-07-01,18.44,2.4,87.96,5.21,2024,7,Monsoon,0
2024-07-02,18.04,10.0,92.25,4.52,2024,7,Monsoon,0
2024-07-03,18.38,6.7,89.71,5.54,2024,7,Monsoon,0
2024-07-04,18.04,4.6,90.83,3.72,2024,7,Monsoon,0
2024-07-05,17.45,9.0,90.12,4.13,2024,7,Monsoon,0
2024-07-06,17.37,3.7,87.79,5.14,2024,7,Monsoon,0
2024-07-07,17.25,1.7,88.5,4.0,2024,7,Monsoon,0
2024-07-08,17.51,6.8,89.71,4.82,2024,7,Monsoon,0
2024-07-09,17.82,2.2,86.88,4.58,2024,7,Monsoon,0
2024-07-10,17.96,2.3,87.25,5.45,2024,7,Monsoon,0
2024-07-11,18.22,1.1,85.62,7.15,2024,7,Monsoon,0
2024-07-12,18.09,0.6,81.46,5.65,2024,7,Monsoon,0
2024-07-13,17.5,0.2,80.33,5.12,2024,7,Monsoon,0
2024-07-14,17.67,1.9,83.62,4.46,2024,7,Monsoon,0
2024-07-15,18.18,5.5,86.12,3.68,2024,7,Monsoon,0
2024-07-16,18.42,6.7,87.08,5.01,2024,7,Monsoon,0
2024-07-17,18.5,3.8,89.33,6.03,2024,7,Monsoon,0
2024-07-18,18.86,3.1,87.71,5.98,2024,7,Monsoon,0
2024-07-19,18.92,2.7,86.0,5.68,2024,7,Monsoon,0
2024-07-20,18.82,1.8,86.42,4.72,2024,7,Monsoon,0
2024-07-21,18.64,15.1,90.08,4.38,2024,7,Monsoon,0
2024-07-22,18.51,6.4,89.67,5.13,2024,7,Monsoon,0
2024-07-23,18.67,3.8,88.17,5.25,2024,7,Monsoon,0
2024-07-24,18.38,3.9,88.33,4.51,2024,7,Monsoon,0
2024-07-25,18.71,4.4,89.46,4.17,2024,7,Monsoon,0
2024-07-26,18.63,2.9,90.62,4.52,2024,7,Monsoon,0
2024-07-27,18.64,8.4,89.67,3.55,2024,7,Monsoon,0
2024-07-28,19.87,17.3,82.33,5.18,2024,7,Monsoon,0
2024-07-29,19.78,3.4,86.12,5.33,2024,7,Monsoon,0
2024-07-30,19.35,9.1,90.58,5.28,2024,7,Monsoon,0
2024-07-31,19.18,19.1,89.67,6.1,2024,7,Monsoon,0
2024-08-01,18.13,34.5,88.0,4.01,2024,8,Monsoon,0
2024-08-02,17.67,50.8,88.38,3.4,2024,8,Monsoon,0
2024-08-03,18.18,2.1,82.79,4.02,2024,8,Monsoon,0
2024-08-04,17.93,7.3,88.79,6.48,2024,8,Monsoon,0
2024-08-05,17.65,17.4,91.5,4.25,2024,8,Monsoon,0
2024-08-06,17.79,7.9,93.46,3.76,2024,8,Monsoon,0
2024-08-07,17.09,21.7,93.83,3.69,2024,8,Monsoon,0
2024-08-08,17.24,14.4,90.83,3.37,2024,8,Monsoon,0
2024-08-09,17.18,3.4,90.25,4.0,2024,8,Monsoon,0
2024-08-10,16.78,6.9,91.67,4.6,2024,8,Monsoon,0
2024-08-11,16.75,6.9,91.21,3.52,2024,8,Monsoon,0
2024-08-12,16.55,2.8,91.67,3.64,2024,8,Monsoon,0
2024-08-13,17.18,13.8,92.58,3.42,2024,8,Monsoon,0
2024-08-14,17.4,9.3,94.75,4.14,2024,8,Monsoon,0
2024-08-15,17.61,14.3,91.29,3.14,2024,8,Monsoon,0
2024-08-16,17.8,6.8,88.17,3.41,2024,8,Monsoon,0
2024-08-17,17.43,12.6,89.62,3.7,2024,8,Monsoon,0
2024-08-18,17.74,1.8,88.33,6.51,2024,8,Monsoon,0
2024-08-19,17.44,0.4,88.0,5.87,2024,8,Monsoon,0
2024-08-20,16.59,5.2,91.54,3.86,2024,8,Monsoon,0
2024-08-21,16.8,1.4,88.12,5.52,2024,8,Monsoon,0
2024-08-22,16.5,0.5,86.25,6.32,2024,8,Monsoon,0
2024-08-23,16.54,2.9,89.79,4.9,2024,8,Monsoon,0
2024-08-24,16.75,9.6,87.75,3.8,2024,8,Monsoon,0
2024-08-25,17.75,2.3,83.96,5.35,2024,8,Monsoon,0
2024-08-26,17.55,7.6,85.04,5.13,2024,8,Monsoon,0
2024-08-27,16.58,9.2,87.5,3.22,2024,8,Monsoon,0
2024-08-28,16.75,6.4,88.96,3.88,2024,8,Monsoon,0
2024-08-29,16.25,5.1,90.67,3.71,2024,8,Monsoon,0
2024-08-30,16.53,11.2,87.71,4.04,2024,8,Monsoon,0
2024-08-31,17.97,0.8,82.5,5.15,2024,8,Monsoon,0
2024-09-01,17.21,7.1,91.04,3.6,2024,9,Monsoon,0
2024-09-02,16.29,15.1,92.04,3.4,2024,9,Monsoon,0
2024-09-03,16.43,30.3,88.25,3.85,2024,9,Monsoon,0
2024-09-04,15.88,12.3,91.71,3.63,2024,9,Monsoon,0
2024-09-05,15.55,10.2,91.92,3.09,2024,9,Monsoon,0
2024-09-06,15.87,12.2,91.46,3.41,2024,9,Monsoon,0
2024-09-07,15.86,14.0,90.71,3.69,2024,9,Monsoon,0
2024-09-08,16.73,14.7,87.04,4.38,2024,9,Monsoon,0
2024-09-09,17.08,9.0,86.67,3.63,2024,9,Monsoon,0
2024-09-10,16.22,9.4,88.42,2.94,2024,9,Monsoon,0
2024-09-11,16.53,7.8,83.12,4.92,2024,9,Monsoon,0
2024-09-12,16.1,8.9,86.54,4.6,2024,9,Monsoon,0
2024-09-13,15.13,9.1,84.5,4.66,2024,9,Monsoon,0
2024-09-14,15.14,3.6,83.58,5.08,2024,9,Monsoon,0
2024-09-15,14.75,2.7,85.62,4.6,2024,9,Monsoon,0
2024-09-16,14.95,0.4,85.58,5.45,2024,9,Monsoon,0
2024-09-17,15.1,4.7,88.25,3.93,2024,9,Monsoon,0
2024-09-18,15.47,0.7,78.67,4.86,2024,9,Monsoon,0
2024-09-19,16.01,3.8,75.33,3.58,2024,9,Monsoon,0
2024-09-20,17.32,0.0,77.75,4.2,2024,9,Monsoon,0
2024-09-21,16.3,0.5,87.92,4.61,2024,9,Monsoon,0
2024-09-22,16.67,0.2,86.62,4.89,2024,9,Monsoon,0
2024-09-23,17.48,3.3,86.38,3.55,2024,9,Monsoon,0
2024-09-24,17.2,2.0,85.92,4.39,2024,9,Monsoon,0
2024-09-25,16.15,2.8,89.08,4.66,2024,9,Monsoon,0
2024-09-26,15.84,2.9,90.0,4.15,2024,9,Monsoon,0
2024-09-27,15.65,1.5,84.33,5.92,2024,9,Monsoon,0
2024-09-28,14.8,0.1,88.17,5.87,2024,9,Monsoon,0
2024-09-29,14.49,0.0,87.17,4.77,2024,9,Monsoon,0
2024-09-30,14.44,0.0,84.75,6.32,2024,9,Monsoon,0
2024-10-01,14.74,0.0,81.88,7.49,2024,10,Autumn,0
2024-10-02,14.72,0.0,72.58,6.7,2024,10,Autumn,0
2024-10-03,14.98,0.0,70.29,5.32,2024,10,Autumn,0
2024-10-04,14.42,0.1,74.79,5.33,2024,10,Autumn,0
2024-10-05,13.65,0.1,74.04,5.21,2024,10,Autumn,0
2024-10-06,13.58,0.0,71.17,6.05,2024,10,Autumn,0
2024-10-07,13.78,1.0,71.5,4.78,2024,10,Autumn,0
2024-10-08,12.46,2.5,83.33,5.02,2024,10,Autumn,0
2024-10-09,12.57,0.0,76.42,5.21,2024,10,Autumn,0
2024-10-10,12.65,0.6,61.38,6.14,2024,10,Autumn,0
2024-10-11,12.14,0.0,65.75,5.83,2024,10,Autumn,0
2024-10-12,12.32,0.0,68.79,5.14,2024,10,Autumn,0
2024-10-13,12.72,0.0,70.88,5.29,2024,10,Autumn,0
2024-10-14,12.36,0.7,75.46,5.04,2024,10,Autumn,0
2024-10-15,12.86,0.0,68.42,7.88,2024,10,Autumn,0
2024-10-16,12.09,0.0,70.33,6.8,2024,10,Autumn,0
2024-10-17,12.77,0.0,63.75,6.62,2024,10,Autumn,0
2024-10-18,12.42,0.0,67.67,7.45,2024,10,Autumn,0
2024-10-19,12.3,0.0,67.5,5.34,2024,10,Autumn,0
2024-10-20,12.1,0.0,67.29,5.33,2024,10,Autumn,0
2024-10-21,11.22,0.2,73.83,5.18,2024,10,Autumn,0
2024-10-22,11.26,0.1,74.46,4.68,2024,10,Autumn,0
2024-10-23,12.35,0.4,58.58,4.7,2024,10,Autumn,0
2024-10-24,12.59,0.0,51.08,6.04,2024,10,Autumn,0
2024-10-25,12.68,0.0,50.62,7.11,2024,10,Autumn,0
2024-10-26,13.52,0.0,53.12,5.25,2024,10,Autumn,0
2024-10-27,11.97,0.0,72.33,4.82,2024,10,Autumn,0
2024-10-28,12.2,0.0,82.42,5.14,2024,10,Autumn,0
2024-10-29,12.22,0.0,78.08,5.17,2024,10,Autumn,0
2024-10-30,13.52,0.0,60.88,6.67,2024,10,Autumn,0
2024-10-31,13.54,0.0,50.04,8.81,2024,10,Autumn,0
2024-11-01,12.49,0.0,56.58,7.69,2024,11,Autumn,0
2024-11-02,11.05,0.0,65.46,4.59,2024,11,Autumn,0
2024-11-03,11.2,0.0,73.83,4.78,2024,11,Autumn,0
2024-11-04,11.45,0.0,69.62,5.32,2024,11,Autumn,0
2024-11-05,10.15,0.3,80.71,5.49,2024,11,Autumn,0
2024-11-06,10.68,0.0,79.67,4.55,2024,11,Autumn,0
2024-11-07,10.52,0.0,82.5,4.88,2024,11,Autumn,0
2024-11-08,10.23,0.0,86.38,4.87,2024,11,Autumn,0
2024-11-09,10.32,0.0,81.67,4.48,2024,11,Autumn,0
2024-11-10,9.94,0.0,80.92,5.18,2024,11,Autumn,0
2024-11-11,10.11,0.7,76.12,4.42,2024,11,Autumn,0
2024-11-12,9.28,0.0,73.83,4.85,2024,11,Autumn,0
2024-11-13,9.22,0.0,60.88,5.08,2024,11,Autumn,0
2024-11-14,8.92,0.0,58.33,4.02,2024,11,Autumn,0
2024-11-15,8.6,0.0,62.54,4.95,2024,11,Autumn,0
2024-11-16,7.52,0.0,62.96,5.42,2024,11,Autumn,0
2024-11-17,7.28,0.0,64.96,4.4,2024,11,Autumn,0
2024-11-18,7.52,0.0,69.67,3.91,2024,11,Autumn,0
2024-11-19,7.05,0.0,71.12,4.13,2024,11,Autumn,0
2024-11-20,6.79,0.0,65.58,4.35,2024,11,Autumn,0
2024-11-21,6.92,0.0,65.38,3.99,2024,11,Autumn,0
2024-11-22,6.75,0.0,64.12,4.3,2024,11,Autumn,0
2024-11-23,6.87,0.0,63.25,5.06,2024,11,Autumn,0
2024-11-24,7.02,0.0,57.79,5.26,2024,11,Autumn,0
2024-11-25,5.96,0.0,60.42,4.57,2024,11,Autumn,0
2024-11-26,5.55,0.0,65.12,4.83,2024,11,Autumn,0
2024-11-27,5.23,0.0,61.96,4.57,2024,11,Autumn,0
2024-11-28,5.32,0.0,62.5,3.78,2024,11,Autumn,0
2024-11-29,5.55,0.0,68.79,3.9,2024,11,Autumn,0
2024-11-30,6.52,0.0,56.0,3.63,2024,11,Autumn,0
2024-12-01,7.09,0.0,53.25,3.8,2024,12,Winter,0
2024-12-02,6.34,0.0,47.21,4.03,2024,12,Winter,0
2024-12-03,6.4,0.0,46.62,4.48,2024,12,Winter,0
2024-12-04,5.92,0.0,52.62,5.18,2024,12,Winter,0
2024-12-05,5.03,0.0,49.25,3.98,2024,12,Winter,0
2024-12-06,4.31,0.0,51.67,4.13,2024,12,Winter,0
2024-12-07,2.92,0.0,53.71,4.28,2024,12,Winter,0
2024-12-08,1.6,8.6,59.33,8.02,2024,12,Winter,0
2024-12-09,0.02,2.7,72.62,3.75,2024,12,Winter,0
2024-12-10,1.58,0.0,45.92,5.02,2024,12,Winter,0
2024-12-11,4.08,0.0,38.08,4.01,2024,12,Winter,0
2024-12-12,2.81,0.0,44.62,5.45,2024,12,Winter,0
2024-12-13,2.96,0.0,38.42,4.95,2024,12,Winter,0
2024-12-14,5.77,0.0,23.67,4.86,2024,12,Winter,0
2024-12-15,7.33,0.0,27.25,3.74,2024,12,Winter,0
2024-12-16,7.38,0.0,35.54,2.89,2024,12,Winter,0
2024-12-17,4.82,0.0,54.71,5.54,2024,12,Winter,0
2024-12-18,3.76,0.0,55.08,3.93,2024,12,Winter,0
2024-12-19,3.53,0.0,58.25,4.08,2024,12,Winter,0
2024-12-20,2.48,0.0,58.33,3.85,2024,12,Winter,0
2024-12-21,3.0,0.0,52.79,3.61,2024,12,Winter,0
2024-12-22,3.81,0.0,51.79,3.49,2024,12,Winter,0
2024-12-23,0.58,7.9,73.54,5.52,2024,12,Winter,0
2024-12-24,1.02,4.0,81.33,4.59,2024,12,Winter,0
2024-12-25,-0.21,0.0,75.62,3.6,2024,12,Winter,1
2024-12-26,2.27,0.0,66.58,4.15,2024,12,Winter,0
2024-12-27,1.78,10.1,75.83,7.9,2024,12,Winter,0
2024-12-28,2.19,24.5,85.96,8.09,2024,12,Winter,0
2024-12-29,2.17,0.0,79.33,5.17,2024,12,Winter,0
2024-12-30,3.56,0.0,54.0,4.78,2024,12,Winter,0
2024-12-31,4.32,0.0,53.79,3.47,2024,12,Winter,0
